date_time,gti,wind_speed,temperature_air,temperature_module,isc,rsc,imp,vmp,roc,voc,pmp,i_half_vmp,v_half_imp,fraction_beam
2013-01-01T10:15:12,121.8,0,0,4.9,0.64327507,2237.791387,0.600046103,42.344364,4.184493403,49.14895409,25.40857059,0.6344,47.6858,-0.005997001
2013-01-01T15:45:12,136.5,0,0,10,0.754420383,2129.051888,0.709548327,41.84154523,4.452802717,48.79835886,29.68859842,0.7473,47.2974,0.276176024
2013-01-04T11:00:12,813.6,0,0,31.3,4.484719463,367.84415,4.194870603,40.75019023,0.93517747,49.17195522,170.941775,4.4364,46.952,0.871233655
2013-01-06T08:30:12,21.7,0,0,6.5,0.121500961,7616.473375,0.109220943,38.53672442,26.57259484,45.26751375,4.209017396,0.1193,43.8252,-0.003921569
2013-01-06T10:15:12,627.3,0,0,20.9,3.456622805,770.64966,3.261674359,42.21362577,1.070155923,50.20506632,137.6871008,3.4293,48.1521,0.768752429
2013-01-06T10:30:12,745,0,0,25.1,4.094621625,481.8814367,3.847706113,41.60217308,0.966207885,49.85163478,160.0729357,4.0543,47.838,0.834874084
2013-01-06T14:00:12,343.2,0,0,21.7,1.887151997,915.0802645,1.771723604,41.52637258,1.822955703,48.93822393,73.57325448,1.8659,47.1153,0.216845878
2013-01-06T14:45:12,212.9,0,0,17.6,1.175526028,1290.802182,1.102215593,41.50010938,5.096048738,48.79795507,45.74206767,1.1616,47.0229,0.1502849
2013-01-10T13:15:12,150.6,0,0,11,0.826818057,1525.715985,0.770653303,41.88960271,3.391335416,48.7836422,32.28236068,0.8147,47.3319,-0.006031363
2013-01-11T11:30:12,305.1,0,0,22.5,1.68095672,865.9610773,1.572908773,40.97855908,2.067785559,48.31651015,64.4555351,1.6592,46.5539,0.026863413
2013-01-14T10:00:12,648.3,0,0,17.7,3.546249624,731.253588,3.346117038,42.51993771,1.040561997,50.51241757,142.276688,3.5155,48.4253,0.684026564
2013-01-14T14:00:12,802.2,0,0,30.2,4.430304528,377.5819385,4.148708071,40.89329151,0.933769632,49.29178856,169.6543285,4.3812,47.1829,0.708048396
2013-01-14T15:15:12,447.6,0,0,17.8,2.489152519,736.9174602,2.34290405,42.42134946,1.359792094,50.00857589,99.38915145,2.4646,48.2699,0.626588983
2013-01-14T15:30:12,531.1,0,0,18.7,2.937512892,606.8809831,2.767189177,42.43350363,1.178688952,50.19312012,117.421532,2.9059,48.3375,0.527044569
2013-01-16T10:00:12,59.4,0,0,3.5,0.322694485,3720.438175,0.298955976,41.11131044,5.706707931,47.80531939,12.29047195,0.317,46.4629,-0.007052186
2013-01-16T14:45:12,45.5,0,0,4.1,0.248936198,4312.093797,0.229228875,40.36957686,11.98238146,47.30581066,9.253872707,0.2445,45.8482,-0.007181329
2013-01-19T09:15:12,80.6,0,0,1.8,0.457268653,3249.420916,0.425525969,42.11021917,5.38394289,48.85355088,17.9189918,0.452,47.4048,-0.005422993
2013-01-26T16:15:12,44.9,0,0,10.1,0.243034169,4818.490986,0.223858527,39.34965844,6.348708298,46.08896281,8.808756575,0.2393,44.8263,0
2013-01-27T09:00:12,104.9,0,0,10.6,0.588623398,2582.952894,0.549097501,41.32528843,6.645970095,48.2451603,22.69161263,0.5813,46.7179,-0.025727069
2013-01-30T15:15:12,52,0,0,12.7,0.291577758,3969.986212,0.268585293,39.48999156,7.198245986,46.22999606,10.60643097,0.2869,44.8848,-0.007130125
2013-01-31T13:00:12,270.9,0,0,24.6,1.466058554,1040.067933,1.371776816,40.66369791,1.946212198,47.87026719,55.78151803,1.4477,46.2118,-0.005914826
2013-02-02T13:45:12,701.3,0,0,27.2,3.82785184,421.0199758,3.585730168,41.1789946,1.007482782,49.3231957,147.6567632,3.78,47.1875,0.483244742
2013-02-02T16:15:12,77.8,0,0,14.3,0.427400012,2775.558544,0.395571026,40.16046025,14.79624017,47.10296446,15.88631445,0.4212,45.4501,0.002580645
2013-02-03T15:00:12,75.9,0,0,12.8,0.42162588,2563.463313,0.389721892,40.2694509,7.495877306,47.07988157,15.6938866,0.4148,45.5769,-0.005376344
2013-02-03T16:00:13,23.7,0,0,11.3,0.133354449,6893.182803,0.121231413,37.72773706,15.19229355,44.70058735,4.573786871,0.1312,43.4141,-0.003676471
2013-02-05T08:45:12,49.5,0,0,9.4,0.272960381,4431.412642,0.250904053,39.84215726,5.895138523,46.52903592,9.996558753,0.2691,45.2491,-0.004885993
2013-02-06T14:00:12,784.9,0,0,27.7,4.27635603,349.8074685,4.005469515,41.16365205,0.958236559,49.47946324,164.8797534,4.2216,47.2408,0.779566287
2013-02-07T09:30:12,428.1,0,0,14.5,2.277736143,930.2014833,2.147675688,42.70553153,1.471490475,50.18511395,91.7176318,2.2544,48.3681,0.525678497
2013-02-07T14:45:12,573.3,0,0,16.8,3.129890061,615.0786824,2.947017703,42.57070993,1.142601189,50.41300944,125.4566358,3.0927,48.6517,0.198283859
2013-02-08T15:30:12,579.3,0,0,18.7,3.149600316,634.2018097,2.969258105,42.36352691,1.127017597,50.19890381,125.7882456,3.1192,48.3639,0.754350465
2013-02-09T11:30:12,216.1,0,0,14.8,1.164930472,1170.842247,1.090085827,41.87363367,3.329350699,48.99156679,45.64585459,1.1479,47.3917,-0.006216328
2013-02-09T14:30:12,107.1,0,0,12.9,0.573768852,2038.135385,0.532476203,40.87147321,6.478511044,47.75194274,21.76308687,0.5642,46.1799,-0.005057803
2013-02-11T10:45:12,194,0,0,14,1.046443899,1352.950396,0.978826146,41.80896893,2.411359044,48.75843766,40.92371191,1.0316,47.3384,-0.001915709
2013-02-11T12:30:12,230.4,0,0,16.6,1.233914288,1158.529287,1.154890951,41.61802266,2.684287185,48.73437569,48.06427775,1.2167,47.047,-0.007375776
2013-02-12T11:30:12,198.6,0,0,14.2,1.12266223,1723.756853,1.051949403,41.9509268,4.744539017,49.13572464,44.1302524,1.1114,47.4152,-0.013876041
2013-02-12T14:15:12,282.8,0,0,17.7,1.51039565,1108.865456,1.418600659,41.85161754,2.0783756,49.08127414,59.37073221,1.4913,47.4197,0.010323959
2013-02-14T13:00:12,961.9,0,0,29.2,5.232441228,271.4100962,4.885292563,40.84931046,0.853633117,49.5365631,199.5608326,5.1663,47.2395,0.846083455
2013-02-15T11:00:12,106.3,0,0,10.2,0.577808597,2258.833758,0.537443723,41.33934116,6.104591085,48.21345544,22.21756943,0.5696,46.7211,-0.006797583
2013-02-15T12:45:12,110.1,0,0,10.3,0.603157572,2208.612994,0.561499404,41.37417105,3.725053543,48.1213667,23.2315724,0.5944,46.7192,-0.006782216
2013-02-16T11:00:12,152.3,0,0,9.8,0.849906575,1413.105754,0.794108188,42.0116571,4.039529885,48.96749748,33.3618009,0.836,47.4002,-0.014645577
2013-02-16T11:15:12,242.4,0,0,11.4,1.336937487,1226.424713,1.255298072,42.58427253,2.371925684,49.69802714,53.45595522,1.3184,48.0168,-0.01870187
2013-02-16T13:30:12,111.9,0,0,15.2,0.629021537,1964.657565,0.584478172,40.71430824,5.265552303,47.58420838,23.79662445,0.6198,46.0973,-0.004139073
2013-02-16T15:30:12,204.8,0,0,16.7,1.100899356,1353.058942,1.030976065,41.5339011,2.898030887,48.58210659,42.82045792,1.0868,47.0743,-0.001010101
2013-02-17T14:15:12,743.1,0,0,24.6,4.001467282,403.3065353,3.752164745,41.71431397,0.974305364,49.89837787,156.5189782,3.9507,47.756,0.594606641
2013-02-17T15:30:12,246.9,0,0,19.3,1.308767545,1416.980053,1.232604969,41.30129907,2.206562213,48.43451222,50.90818644,1.2958,46.995,0.066899651
2013-02-21T10:15:12,267.2,0,0,12.4,1.453832746,1212.640249,1.365605888,42.55409324,2.322052906,49.7339737,58.11212028,1.4349,48.0136,0.012958963
2013-02-21T11:15:12,168.2,0,0,11.4,0.912484312,1485.556676,0.852085321,41.99732274,2.70177663,48.83178399,35.78530223,0.899,47.3911,-0.006060606
2013-02-24T10:00:12,512.7,0,0,17.1,2.755545855,705.8441259,2.596421251,42.38924477,1.213706128,50.06296996,110.0603359,2.7241,48.3746,0.442099091
2013-02-24T16:30:12,262.3,0,0,18,1.394361116,1116.883112,1.309560846,41.67017474,2.597473619,48.88570724,54.56962927,1.3787,47.2551,0.427527406
2013-02-27T09:45:12,137.9,0,0,11.1,0.753883231,1768.871417,0.703240436,41.68801667,3.524123229,48.53592499,29.31669902,0.7429,47.0691,-0.005777008
2013-03-03T10:15:12,877.7,0,0,22.4,4.669073034,510.8410446,4.388256181,41.93365952,0.90448436,50.35948426,184.0156406,4.622,48.1489,0.851125113
2013-03-04T14:00:12,925.2,0,0,29.9,4.988777988,336.9777869,4.666916817,40.80996489,0.857274617,49.39592943,190.4567114,4.9255,47.1784,0.663947798
2013-03-04T15:15:12,708.5,0,0,28.9,3.815165749,456.7851976,3.577002211,41.08928855,0.997285447,49.21368036,146.976476,3.7709,47.1237,0.829782512
2013-03-07T08:45:12,543.9,0,0,18.5,2.85339427,758.4393079,2.694958268,42.32266753,1.227643852,50.04134507,114.0578228,2.8325,48.3278,0.861774241
2013-03-07T09:45:12,779,0,0,22.7,4.145766779,600.1899189,3.900887387,41.85751355,0.962054389,50.0718422,163.2814466,4.111,47.8627,0.892622788
2013-03-07T14:00:12,955.8,0,0,33.4,5.153994519,320.512522,4.815962955,40.415489,0.8636755,49.09223614,194.6394978,5.0873,46.6658,0.900475436
2013-03-11T08:45:12,78.3,0,0,15.3,0.429299536,2508.538848,0.39682499,39.95003445,10.45024759,46.81526552,15.85317201,0.4226,45.2296,-0.002022245
2013-03-11T14:00:12,1002.2,0,0,36.1,5.430481476,309.5663926,5.070507094,39.84722193,0.844598655,48.67228448,202.0456215,5.3643,46.3881,0.585511171
2013-03-12T09:15:12,87.5,0,0,15.1,0.476856291,2346.753287,0.442193543,40.13380518,7.680271741,47.0377074,17.74690951,0.469,45.5112,-0.005560704
2013-03-12T09:45:12,194.5,0,0,17.4,1.057546251,1259.1814,0.987986122,41.3226174,3.346902978,48.36906234,40.82617251,1.0419,46.8141,-0.005121639
2013-03-12T14:15:12,280.2,0,0,22.6,1.505431962,986.3746633,1.410083109,41.15084574,2.294951993,48.41154741,58.02611249,1.4847,46.7849,-0.007565789
2013-03-14T09:30:12,254.3,0,0,16.6,1.409616802,1173.387755,1.323281502,41.88277691,2.388497317,49.06507045,55.42270394,1.3906,47.4073,0.043093497
2013-03-15T09:00:12,285.1,0,0,22.6,1.526416337,951.0941177,1.429905337,40.97827839,2.591761988,48.28239875,58.59505898,1.5056,46.7328,-0.000678656
2013-03-15T09:30:12,284.6,0,0,23.7,1.500168313,1030.355735,1.406129714,40.84736025,2.235036687,48.08930271,57.436687,1.4816,46.4447,0.052252934
2013-03-15T14:30:12,915.7,0,0,38.1,4.918598245,324.9961119,4.594686008,39.98318246,0.87969522,48.60032341,183.710169,4.8543,46.3601,0.714138742
2013-03-15T15:00:12,839.6,0,0,35.7,4.515786253,343.5695957,4.221716,40.21646917,0.915431062,48.65381299,169.7825114,4.4561,46.3536,0.745969795
2013-03-16T07:30:12,65.2,0,0,11.4,0.364756586,3054.197593,0.337239757,40.17408844,8.199533233,46.97990255,13.54829983,0.3588,45.5067,-0.00516129
2013-03-16T07:45:12,79.2,0,0,12,0.440039011,2540.221313,0.407646664,40.51411615,5.640782014,47.25000916,16.5154443,0.4327,45.854,-0.005656109
2013-03-17T08:00:12,350.2,0,0,10.3,1.729047096,8904.000166,1.645285624,43.02509882,1.8002509,50.27075352,70.78857654,1.7253,48.6198,0.606563859
2013-03-18T09:30:12,760.3,0,0,23.5,4.023312571,531.8072535,3.783326779,41.60910399,0.962307522,49.80554864,157.4208374,3.9837,47.8067,0.848383501
2013-03-18T12:30:12,1092.1,0,0,30.6,5.827091483,275.7523793,5.437637487,40.3848903,0.808516014,49.31428517,219.5983934,5.7524,46.7276,0.854134367
2013-03-18T16:30:12,229.2,0,0,15.4,1.211601615,1216.611847,1.135888608,41.83743533,3.130269612,48.94457975,47.52266617,1.1951,47.3657,0.191211975
2013-03-18T16:45:12,279.9,0,0,16,1.445942703,1086.682479,1.357732732,42.0366346,2.778685906,49.23930341,57.07451472,1.4275,47.6474,0.401561145
2013-03-19T10:30:12,191,0,0,16,1.052011977,1186.834769,0.982943042,41.39905947,6.079241466,48.60218748,40.69291746,1.0352,47.0587,-0.00463353
2013-03-20T10:15:12,223.7,0,0,14.3,1.24075337,1323.950587,1.164300937,42.03480389,2.778027212,49.12451882,48.94116157,1.2241,47.6903,-0.014595312
2013-03-20T11:45:12,196.7,0,0,17.5,1.10220836,1459.633306,1.033011798,41.40215143,3.752788355,48.52434812,42.76891091,1.0879,46.8089,-0.005661348
2013-03-21T15:30:12,195.9,0,0,14.1,1.030179858,1517.585555,0.966097508,41.81936652,2.33587854,48.71095212,40.4015858,1.0167,47.3085,0.007255139
2013-03-22T10:45:12,239.2,0,0,14.6,1.331164036,1207.436161,1.249493331,42.09327081,2.838652578,49.24051361,52.59526117,1.3135,47.6584,-0.006475111
2013-03-22T11:15:12,1190.1,0,0,27.3,6.322455886,271.0896533,5.913965269,41.35354977,0.774898392,50.4539523,244.5634571,6.2441,47.9505,0.625935688
2013-03-23T10:15:12,334.7,0,0,12.7,1.821184775,984.994373,1.713987076,42.68010811,1.607836077,49.9521153,73.15315372,1.7961,48.2855,0.035497835
2013-03-24T12:00:12,442.3,0,0,24,2.367499114,627.5058589,2.217768012,41.48902091,1.37974892,49.02512363,92.0130234,2.3335,47.1686,0.031992472
2013-03-24T15:30:12,436.6,0,0,21.6,2.388845974,669.3567512,2.244902752,41.69139354,1.385046516,49.23763167,93.59312409,2.3572,47.4152,0.23655914
2013-03-24T17:15:12,58.1,0,0,13.7,0.320839289,3337.888082,0.295979614,39.52548054,8.740360067,46.27751793,11.69873646,0.3154,44.8484,-0.006069803
2013-03-25T07:45:12,168.7,0,0,11.7,0.894288704,1638.741748,0.837600106,41.80944751,4.986096079,48.85092951,35.01959767,0.8815,47.3319,0.035693725
2013-03-25T08:45:12,153.6,0,0,12.9,0.849350806,1535.573801,0.793955461,41.54102599,4.014062543,48.51412211,32.98172446,0.8366,47.0489,0.001713307
2013-03-25T09:00:12,187.4,0,0,13.4,1.023438336,1391.063698,0.958947669,41.83081401,3.012975526,48.82179354,40.11356159,1.0088,47.3273,0.008982036
2013-03-25T10:45:12,601.1,0,0,22.1,3.227887121,560.1261416,3.031894276,42.0453448,1.066128307,49.88267382,127.4770402,3.1857,48.0572,0.277944486
2013-03-25T15:00:12,252.9,0,0,19.5,1.406446199,968.8008339,1.317864165,41.40153039,2.960164697,48.66153898,54.56159327,1.3861,47.0424,0.022510232
2013-03-26T09:30:12,131.5,0,0,13.1,0.737484043,2108.960729,0.687932681,41.35947334,3.076139741,48.11073553,28.45253336,0.7282,46.7166,-0.00402955
2013-03-26T12:30:12,409.1,0,0,24.3,2.165951089,753.6430693,2.030661855,41.17846421,1.535027704,48.6492923,83.61953654,2.1367,46.8226,-0.00822405
2013-03-26T13:00:12,300.4,0,0,20.7,1.639452254,998.6352547,1.537757796,41.40530894,1.966422296,48.67315227,63.67133662,1.6168,47.0594,-0.007237985
2013-03-27T07:15:12,38,0,0,9,0.21198913,13084.59867,0.195507093,39.16885154,6.23725082,45.84334236,7.657788294,0.2101,44.6243,-0.008849558
2013-03-27T08:00:12,101.6,0,0,13,0.553337401,2395.984886,0.51209917,40.75175374,3.857929993,47.44119038,20.86893925,0.5454,46.0706,0.000782473
2013-03-27T09:45:12,346.6,0,0,19.7,1.835611346,993.4328514,1.726403568,41.65407104,1.767214608,49.0024283,71.91173685,1.8126,47.379,0.007013442
2013-03-29T08:30:12,105.6,0,0,16.2,0.591669658,2080.4892,0.550187848,40.44195008,7.587396967,47.37194684,22.25066949,0.5826,45.8393,-0.004918033
2013-03-29T09:45:12,445.1,0,0,23.8,2.387893925,722.1307719,2.244316911,41.44900865,1.400990376,48.99012491,93.02471104,2.3583,47.1395,0.011674118
2013-03-30T08:30:12,415.4,0,0,16.3,2.23892282,810.7818465,2.108579423,42.48144919,1.450034112,49.9057367,89.57550963,2.2095,48.3162,0.117244748
2013-03-30T11:15:12,1010.3,0,0,38,5.397717046,270.8405717,5.032456753,39.76022421,0.85938606,48.56479606,200.0916088,5.3292,46.1066,0.879521174
2013-03-30T14:00:12,924.5,0,0,38.5,4.963058117,315.9175522,4.631867349,39.6830154,0.889413343,48.31459912,183.8064633,4.9059,46.076,0.868619247
2013-03-30T14:15:12,883.7,0,0,38.4,4.743439959,327.8471558,4.428505073,39.83968251,0.903733084,48.37714502,176.4302361,4.681,46.0728,0.86383474
2013-03-31T13:30:12,225.4,0,0,28.8,1.224718051,1069.962576,1.142202092,39.94752787,4.017987999,47.15829295,45.62814989,1.2066,45.5453,0.001533154
2013-04-01T17:30:12,36.8,0,0,17.1,0.199834218,4348.669081,0.182185902,37.97673332,11.35316084,44.69368965,6.918825404,0.196,43.3702,-0.006134969
2013-04-02T10:30:12,408.5,0,0,35.7,2.179028694,705.9457526,2.037221297,39.59599428,1.633765279,47.1343231,80.66580283,2.1505,45.3436,0.025947522
2013-04-03T08:15:12,379.1,0,0,18.9,1.942203592,1578.926779,1.837355291,41.85014759,1.740132305,49.23390977,76.89359012,1.928,47.6761,0.255178128
2013-04-04T14:15:12,238.5,0,0,19.8,1.312827958,1322.079138,1.231596137,41.31188598,1.944658615,48.40382987,50.87955919,1.2967,47.0263,-0.007014028
2013-04-05T09:15:12,231.8,0,0,20.7,1.254848532,1282.280489,1.175633506,40.99130243,2.495426903,48.10419196,48.19074857,1.2385,46.4442,0.085393258
2013-04-05T11:30:12,491.9,0,0,23.6,2.709248559,641.8277285,2.543779943,41.63828566,1.219580191,49.28909557,105.9186359,2.6738,47.4244,0.04026975
2013-04-06T12:00:12,656.9,0,0,19.5,3.637570826,551.8981866,3.41280943,42.50384832,1.042903151,50.48617397,145.0575344,3.602,48.3988,0.166937317
2013-04-07T10:00:12,255.3,0,0,13.5,1.406159787,1242.302008,1.320665133,42.29035583,1.805923938,49.32050868,55.8513984,1.3878,47.9357,-0.008733624
2013-04-08T10:00:12,227.5,0,0,13.6,1.240068181,1237.050365,1.164146007,42.1140927,2.668806927,49.19060955,49.02695287,1.2226,47.6566,-0.010200227
2013-04-08T11:45:12,475.3,0,0,17.6,2.629929413,619.3489416,2.469908988,42.4319673,1.318204939,50.03112164,104.8030974,2.5904,48.3038,0.031875137
2013-04-08T14:00:12,942.6,0,0,25.7,5.043918898,406.5819447,4.733310655,41.43540667,0.86159206,50.04014909,196.1266519,4.985,47.8635,0.574277286
2013-04-08T17:15:12,101.6,0,0,13.7,0.568078505,2116.643469,0.527966002,40.72054131,3.88000306,47.44183236,21.4990614,0.5594,46.0702,-0.006944444
2013-04-09T09:45:12,246.2,0,0,19.1,1.353256502,1092.478455,1.267390235,41.42528203,2.44366764,48.53576314,52.50199791,1.3343,47.0458,-0.004238785
2013-04-09T11:45:12,361.7,0,0,23.1,1.972250398,877.9374804,1.848958124,41.37235373,1.507359144,48.68584112,76.49574953,1.9459,47.0569,-0.004394531
2013-04-09T12:15:12,530.4,0,0,24.4,2.835616097,589.5435086,2.662528374,41.45764907,1.199107212,49.17944106,110.3821669,2.7982,47.4186,-0.001103753
2013-04-09T13:00:12,206.5,0,0,20.7,1.135983484,1281.431062,1.062701578,40.94699858,4.367645707,48.12212872,43.51444,1.1202,46.4175,-0.007560684
2013-04-10T14:30:12,219,0,0,29.1,1.128733835,1417.165597,1.055601763,39.67734115,4.312112432,46.90270162,41.88347125,1.1149,45.2227,-0.021156559
2013-04-11T15:15:12,720.3,0,0,23.6,3.793788942,462.5140898,3.55915683,41.61727897,1.025816754,49.70048485,148.1224227,3.7436,47.7685,0.834909441
2013-04-12T07:30:12,349.8,0,0,9.1,1.643862606,1643.358222,1.553441159,43.14095538,1.76832882,50.26328465,67.01693571,1.6331,48.6206,0.627842655
2013-04-12T08:00:12,448.7,0,0,15.1,2.241975834,1343.667014,2.120974958,42.52557979,1.443143657,49.93439908,90.1956898,2.2233,48.2953,0.781174187
2013-04-12T14:00:12,423.9,0,0,27.5,2.337378205,792.7579206,2.194222824,40.90340174,1.375913081,48.43178499,89.75117769,2.3075,46.7909,0.052866384
2013-04-14T11:15:12,744.2,0,0,22.9,4.00783061,470.5957665,3.76846056,42.03758728,0.980681542,50.20201327,158.4169897,3.9597,48.136,0.299199763
2013-04-14T14:30:12,249.2,0,0,19.1,1.3868162,1110.487187,1.300866866,41.39012305,2.584910148,48.57372186,53.84303966,1.3681,47.04,-0.007283633
2013-04-16T08:30:12,330.1,0,0,18.4,1.749106938,1156.292536,1.64586564,41.76836431,1.724619901,49.03459076,68.74511568,1.7289,47.429,-0.000581395
2013-04-16T16:30:12,438,0,0,21.7,2.216600888,703.8593337,2.079885172,41.70262798,1.538530819,49.18346204,86.73667758,2.1839,47.4029,0.777982497
2013-04-16T16:45:12,362.3,0,0,20.5,1.783447437,757.3352036,1.669902817,41.64623246,2.09343484,48.96298829,69.54516092,1.7572,47.3756,0.775683568
2013-04-17T10:45:12,469.7,0,0,26.6,2.469393551,790.7018303,2.318898856,40.76817371,1.516516941,48.37772119,94.53727138,2.4412,46.5432,-0.008743672
2013-04-17T14:15:12,905.7,0,0,35.9,4.822462291,342.3885174,4.506289916,39.7512686,0.890921783,48.32615959,179.1307408,4.7674,46.0715,0.885488396
2013-04-17T15:15:12,224,0,0,21.8,1.183014495,1158.604504,1.107959661,40.7706937,2.661112147,47.88180117,45.17228398,1.1659,46.4117,-0.005455963
2013-04-18T13:00:12,962.6,0,0,37.5,5.127866758,303.9478486,4.781565736,39.5949207,0.877263353,48.28075462,189.3257161,5.0584,45.8204,0.744641764
2013-04-18T14:00:12,811.2,0,0,35.8,4.353565829,403.4432684,4.070535869,40.02704607,0.955169884,48.3955853,162.9315268,4.2996,46.32,0.547045952
2013-04-19T09:30:12,271.9,0,0,17.3,1.477136302,1209.496587,1.386784649,41.74710289,2.15822044,48.89247388,57.89424145,1.4577,47.4094,-0.005301524
2013-04-19T12:30:12,224.2,0,0,18.1,1.257416355,1763.677455,1.177595276,41.43676109,2.393654341,48.5087653,48.79573411,1.2452,47.0387,-0.009854015
2013-04-20T13:30:12,1170.8,0,0,36.3,6.274813008,254.147253,5.849842221,39.80242353,0.7958306,48.94675655,232.8378977,6.1902,46.4591,0.720299885
2013-04-21T07:30:12,62.6,0,0,11.8,0.335337286,3447.071026,0.310102948,39.86197925,9.323097212,46.68892636,12.36131727,0.3298,45.2363,-0.003896104
2013-04-21T10:15:12,276.2,0,0,21.3,1.496821001,1046.652724,1.404081071,41.10598326,2.450407863,48.36287893,57.716133,1.4762,46.7863,-0.007255937
2013-04-21T16:00:12,152.3,0,0,21.4,0.83470413,1582.390633,0.779223962,40.28849132,4.134372306,47.26329927,31.39375782,0.8227,45.8055,-0.003990878
2013-04-23T09:30:12,817.9,0,0,26.4,4.247994135,435.4802632,3.988757572,41.2960224,0.97293783,49.59277336,164.719822,4.1997,47.5239,-0.070727483
2013-04-23T16:15:12,469.2,0,0,27.6,2.385336563,575.3974578,2.231872284,40.81528303,1.401257247,48.36819132,91.09449897,2.3482,46.5203,0.850953566
2013-04-24T08:30:12,593.9,0,0,23.6,3.010085024,677.8898625,2.831624068,41.59757151,1.155491404,49.3752089,117.7886847,2.9775,47.4368,0.824022346
2013-04-24T11:15:12,1041.2,0,0,36,5.471508709,278.1953233,5.102687319,39.80559858,0.848882818,48.62897495,203.1155231,5.3956,46.1047,0.859525124
2013-04-24T11:45:12,1063.7,0,0,35.9,5.586417572,277.3044443,5.212165839,39.98062897,0.837318167,48.83336625,208.3856686,5.5157,46.4149,0.857870772
2013-04-24T13:15:12,1016.8,0,0,37.1,5.367478163,297.2032632,5.006212698,39.65325661,0.860960676,48.4354632,198.5126367,5.2961,46.0884,0.846654692
2013-04-24T16:30:12,401.4,0,0,28.4,1.992765918,699.1924874,1.864270556,40.56673231,1.69729497,47.96935881,75.62736461,1.9628,46.1762,0.753846154
2013-04-25T09:30:12,790.6,0,0,32.2,4.141016734,354.2883215,3.875458548,40.44986366,0.984133144,48.72156631,156.7617699,4.0884,46.5977,0.815004854
2013-04-25T11:30:12,1019.7,0,0,41.2,5.395583995,271.6030466,5.031176281,39.2774778,0.860646863,48.10344077,197.6119147,5.3248,45.7625,0.866569245
2013-04-25T15:30:12,312.4,0,0,30.5,1.643977352,860.8349912,1.537781999,40.0032859,2.208238079,47.32823499,61.51633296,1.6202,45.5563,0.036596251
2013-04-26T13:45:12,439.4,0,0,37.3,2.345789615,650.8410323,2.193140147,39.2672864,1.438900438,46.84634902,86.11866226,2.3144,44.9905,0.217112789
2013-04-26T14:45:12,809.6,0,0,41.5,4.265910992,383.835957,3.98121988,39.21618907,0.969011001,47.57610947,156.1282716,4.2136,45.3924,0.86748927
2013-04-26T15:30:12,647.6,0,0,37.2,3.367368715,416.0295012,3.147474032,39.68379738,1.128209759,47.68614022,124.9037217,3.321,45.6877,0.837985242
2013-04-27T13:15:12,1002,0,0,44.5,5.315874667,264.0630665,4.943414104,38.65393484,0.872972669,47.46509921,191.0824067,5.2379,45.1583,0.888414908
2013-04-28T08:45:12,315.7,0,0,23.2,1.602158772,1032.520323,1.503740135,41.06183368,2.26910781,48.32708773,61.74632732,1.5804,46.7902,0.000631313
2013-04-28T13:00:12,884.6,0,0,42.3,4.695827259,279.4765301,4.370564664,39.1181994,0.918849514,47.65762094,170.96862,4.6277,45.4698,0.715431627
2013-04-28T16:30:12,285,0,0,26.3,1.510567028,917.0549835,1.414044858,40.53549015,2.289318596,47.76121103,57.3190014,1.4877,46.1593,0.219913151
2013-04-29T15:45:12,630.6,0,0,27.5,3.279394407,528.5290323,3.073445741,41.11047295,1.096704989,48.97329131,126.350808,3.2396,47.1551,0.79552
2013-04-29T16:15:12,501.6,0,0,25.5,2.548164411,636.8861891,2.39027431,41.22980959,1.328457034,48.84011801,98.55055468,2.5135,47.0758,0.785890385
2013-04-30T08:30:12,592.1,0,0,20.6,3.011469928,718.3004892,2.836106582,41.93695437,1.14961839,49.70112783,118.9376723,2.9837,47.7756,0.822033898
2013-04-30T10:15:12,979.7,0,0,27.1,5.122782454,386.5247093,4.800180204,41.02887525,0.842927245,49.65659135,196.9459948,5.0622,47.3099,0.842819962
2013-04-30T10:45:12,1033.6,0,0,33,5.414642645,484.5935518,5.079071146,40.42448946,0.830322457,49.2072005,205.318858,5.3674,46.7161,0.860842128
2013-05-01T07:45:12,417.4,0,0,12.8,1.976740381,884.0297009,1.862215774,42.73509418,1.557616043,50.01699902,79.58196648,1.9527,48.3058,0.83097658
2013-05-01T11:15:12,1033.2,0,0,31.2,5.424430623,318.0786535,5.07474565,40.54459142,0.820116627,49.31256233,205.7534889,5.36,46.9743,0.894589351
2013-05-02T12:00:12,1059.4,0,0,37.6,5.58226123,280.7409294,5.203267766,39.6389889,0.841610678,48.50441632,206.2522732,5.5072,46.0975,0.900241521
2013-05-03T14:15:12,882.2,0,0,36.6,4.643212845,307.1559529,4.336191258,39.97686323,0.911951871,48.45293572,173.3473249,4.5819,46.3265,0.897151135
2013-05-04T09:30:12,791.5,0,0,34.3,4.124959337,489.3290262,3.870752409,40.20355811,1.000992161,48.49229754,155.6180194,4.0824,46.318,0.900039772
2013-05-04T10:45:12,968.8,0,0,38.7,5.092388221,321.5689332,4.752800362,39.64410987,0.865448543,48.30262125,188.4205398,5.0339,46.0773,0.909121622
2013-05-04T11:45:12,1027.6,0,0,41.1,5.422808239,251.6501743,5.050127764,39.04435824,0.851876384,47.87022765,197.1789976,5.3462,45.5004,0.909022556
2013-05-04T16:30:12,405.4,0,0,33.4,1.986144743,639.8331868,1.856041257,39.7502681,1.553668836,47.16248743,73.7781376,1.9551,45.5648,0.844434986
2013-05-05T12:30:12,1035.2,0,0,48,5.471352546,225.027491,5.077801263,38.14666752,0.864303123,47.01806799,193.7011965,5.3932,44.6444,0.91141795
2013-05-06T10:15:12,892,0,0,39.9,4.672373722,306.4753712,4.363580479,39.43066028,0.922332077,47.94425905,172.0588595,4.6102,45.7404,0.88986519
2013-05-06T12:00:12,1019,0,0,42.8,5.375288573,267.0059747,5.003296415,38.9207143,0.864297908,47.72953427,194.7318703,5.2954,45.2474,0.893504532
2013-05-07T09:15:12,724.1,0,0,34.3,3.759109563,467.1943431,3.522242008,40.22245024,1.01663618,48.35604867,141.6732039,3.7137,46.305,0.861429582
2013-05-07T10:00:12,852.6,0,0,37,4.458823508,372.2589722,4.169706548,39.80072305,0.943988667,48.22708278,165.9573355,4.4028,46.0559,0.873075012
2013-05-07T11:00:12,971.6,0,0,41.9,5.113149249,282.1364227,4.769572258,39.28627267,0.878271033,47.98420033,187.3787162,5.0453,45.5056,0.886754523
2013-05-07T12:45:12,1005.5,0,0,42.1,5.304909669,289.4733923,4.941231414,39.15796923,0.872004365,47.933899,193.4885877,5.2261,45.503,0.890719861
2013-05-08T12:00:12,1006.7,0,0,37.1,5.309028789,262.3179416,4.951929347,39.60954451,0.839837228,48.36714113,196.1436659,5.2323,46.0864,0.860770483
2013-05-09T13:30:12,925.6,0,0,40.3,4.886636904,277.5796358,4.554979374,39.29466745,0.907238339,47.90187243,178.9863998,4.8138,45.4991,0.858511252
2013-05-10T08:15:12,510.1,0,0,29.1,2.521489255,622.3710236,2.365597903,40.76871156,1.361328203,48.36590886,96.44237857,2.4877,46.5333,0.784498705
2013-05-10T10:30:12,892.9,0,0,42.8,4.682881584,351.8739512,4.372974774,39.07666558,0.928921077,47.62281962,170.8812729,4.6252,45.2246,0.855100095
2013-05-10T14:00:12,819.4,0,0,44.8,4.310345855,319.3077115,4.015692187,38.81442861,0.970394936,47.19185054,155.8667977,4.2528,44.8877,0.703820055
2013-05-11T15:30:12,590.2,0,0,41.7,3.067392749,417.082602,2.862773134,38.96643119,1.243380628,46.89088945,111.5520523,3.0206,45.0119,0.603124004
2013-05-12T06:30:12,34.5,0,0,18.4,0.191487078,4945.27382,0.175010601,37.65423588,15.42338348,44.39711716,6.589890445,0.188,43.0097,-0.002369668
2013-05-12T10:45:12,459.3,0,0,34.4,2.449068054,567.373032,2.29182848,40.03897386,1.439004215,47.65871393,91.7624606,2.4119,45.9284,-0.007309364
2013-05-13T11:00:12,357.7,0,0,23.7,1.923647832,713.9111756,1.798952822,41.15242213,1.791616989,48.5331496,74.03126591,1.8898,46.7818,-0.003267211
2013-05-13T16:00:12,166.4,0,0,24.1,0.854402663,1298.364164,0.794739495,39.94055917,3.573284155,46.87715287,31.74233981,0.8387,45.4744,-0.008320333
2013-05-13T17:00:12,127.3,0,0,20.4,0.654931662,1633.357007,0.608614473,40.01250368,3.347707757,46.80381465,24.35218886,0.6429,45.4542,-0.003526093
2013-05-14T11:30:12,1012.6,0,0,35.7,5.353780744,253.5726088,4.987268936,39.96583937,0.841927463,48.70414521,199.3203892,5.2721,46.3661,0.828008231
2013-05-15T18:00:12,65.2,0,0,20,0.362584581,2944.731423,0.33540056,38.79099418,9.757093228,45.67330825,13.01052118,0.3567,44.2327,-0.003754693
2013-05-16T14:30:12,222.8,0,0,26,1.236535605,1114.776639,1.156799533,40.13383962,2.668633546,47.28034558,46.42680692,1.2185,45.8295,-0.004924242
2013-05-17T06:30:12,88.4,0,0,14.3,0.478853146,2679.372867,0.445299086,40.30599642,7.210416171,47.10748977,17.94822336,0.4717,45.5778,-0.004887586
2013-05-17T09:45:12,1078.4,0,0,34.2,5.676775512,316.2810403,5.30947839,40.27405241,0.8339388,49.16787668,213.834211,5.609,46.7369,0.644867328
2013-05-17T10:45:12,363.6,0,0,26.2,2.047580851,1242.255058,1.924637901,40.89027429,1.697809832,48.31430233,78.6989717,2.0298,46.532,-0.019691325
2013-05-17T12:15:12,538.5,0,0,30.9,2.879414282,627.6858379,2.700435103,40.56122861,1.273855362,48.33318291,109.5329655,2.8432,46.5418,0.006581288
2013-05-17T17:15:12,313.5,0,0,19.7,1.543631656,990.3189669,1.443127717,41.65176631,2.178505837,48.782691,60.10881841,1.5217,47.3138,0.567772318
2013-05-18T08:15:12,159.1,0,0,17.1,0.885194907,1524.124626,0.826518948,41.02567204,3.093408314,47.88572773,33.90849532,0.8717,46.4448,-0.006979063
2013-05-19T14:30:12,859.5,0,0,35.1,4.54396889,369.0748786,4.244707496,39.99268404,0.92456162,48.42905278,169.7572457,4.4854,46.0728,0.852058857
2013-05-19T15:00:12,773,0,0,33.1,4.07810446,427.0842891,3.815026395,40.34635376,0.999670476,48.5886637,153.9224045,4.0254,46.586,0.851440689
2013-05-19T15:30:12,660.9,0,0,30.6,3.457748293,472.8999457,3.237199639,40.64917369,1.081899235,48.63716262,131.5894904,3.4156,46.5736,0.845892832
2013-05-20T14:45:12,783.8,0,0,38.3,4.14143565,364.4180451,3.867457502,39.70493542,0.972712364,47.98699466,153.5571504,4.0868,45.7189,0.904130163
2013-05-20T15:45:12,576.6,0,0,36.2,2.983674941,470.2547514,2.786537436,39.69399744,1.244618878,47.52293233,110.6088098,2.9445,45.6006,0.893706294
2013-05-21T06:45:12,204.4,0,0,13.7,1.095707523,1576.228668,1.030753334,41.90261071,2.365824553,48.83766447,43.1912557,1.082,47.4036,-0.012887636
2013-05-23T06:45:12,124.4,0,0,13,0.660765943,2020.397518,0.616807884,41.07966776,3.529267478,47.84108328,25.33826295,0.6509,46.4487,-0.006241331
2013-05-24T12:00:12,314.4,0,0,30.9,1.690124453,934.7725125,1.582530925,39.86869021,1.882672936,47.17191586,63.09343519,1.6687,45.5876,-0.004330343
2013-05-25T10:00:12,886.8,0,0,37.6,4.66991143,435.6488132,4.368227083,39.67137874,0.921846658,48.18826211,173.293591,4.6196,46.011,0.845999777
2013-05-25T14:00:12,867.8,0,0,38.4,4.62902297,358.4175337,4.322898412,39.58151217,0.932205562,48.08201479,171.1068561,4.5705,45.7411,0.741631306
2013-05-26T13:00:12,209,0,0,22.9,1.136330579,1341.314223,1.063924223,40.67094926,4.682715624,47.83762338,43.27080809,1.1206,46.1515,-0.009271523
2013-05-26T16:00:12,273.1,0,0,24.8,1.442820522,963.9565252,1.349692604,40.72827165,2.216793836,47.88646229,54.97064701,1.4217,46.1658,-0.008592593
2013-05-28T11:00:12,437.9,0,0,30.2,2.341942478,688.6430315,2.193754422,40.50688655,1.456061891,48.03879526,88.86216152,2.3099,46.2243,-0.009761163
2013-05-29T06:15:12,78,0,0,14.5,0.409397608,3021.736393,0.380063434,39.93037674,6.197187392,46.64106579,15.17607609,0.403,45.2272,-0.007430998
2013-05-29T15:15:12,896.8,0,0,25.3,4.829689191,342.9965822,4.526102899,41.707289,0.872728963,50.17077432,188.7714817,4.7618,47.8895,0.641744881
2013-05-30T17:15:12,226.3,0,0,23,1.111315156,1195.177045,1.036849803,40.55295953,4.121599868,47.67166587,42.04732808,1.0936,46.0773,0.204114958
2013-05-31T12:00:12,1009.8,0,0,36.2,5.33566504,294.257564,4.973489282,39.7526968,0.843292951,48.49995073,197.7096115,5.261,46.0949,0.917029242
2013-06-01T09:00:12,656.9,0,0,32.5,3.406661295,552.0242039,3.191161963,40.37781121,1.091506859,48.3363697,128.8521353,3.3672,46.2946,0.872251016
2013-06-03T13:30:12,930.2,0,0,35.8,4.920717433,322.0234354,4.59423431,39.89398537,0.88728042,48.47045798,183.2823164,4.8552,46.0799,0.905937936
2013-06-04T08:30:12,560.5,0,0,27.1,2.850314883,563.1598286,2.676041977,40.91450191,1.182020407,48.65207011,109.4889246,2.812,46.8097,0.887019602
2013-06-04T13:15:12,960,0,0,41,5.071128189,269.310779,4.726967788,39.20872638,0.896605887,47.88713705,185.3383866,4.9965,45.4928,0.922827565
2013-06-05T13:45:12,900.5,0,0,44.4,4.767266339,358.6016449,4.441942483,38.67942148,0.914582545,47.25329763,171.8117655,4.7056,44.8766,0.919982462
2013-06-05T14:00:12,863.8,0,0,44.3,4.577032529,339.5816543,4.263387074,38.58921459,0.955561041,47.10377428,164.5207587,4.5115,44.8597,0.917526943
2013-06-05T14:15:12,834.7,0,0,42.2,4.40778272,345.4319951,4.111708062,39.04089855,0.955869039,47.46222741,160.5247773,4.3518,45.1309,0.916212771
2013-06-06T10:15:12,850.1,0,0,39.3,4.470473849,393.7846478,4.178869488,39.58523616,0.952102649,48.0143261,165.4215356,4.4142,45.7346,0.916705069
2013-06-06T11:00:12,947.6,0,0,41.5,5.003289773,292.9726208,4.662111706,39.20576594,0.887626739,47.81897412,182.7816603,4.9381,45.4854,0.902851109
2013-06-06T12:00:12,979,0,0,43.4,5.187736233,244.3214906,4.821560437,38.75984868,0.881586782,47.48296146,186.8829529,5.1119,45.155,0.920070132
2013-06-06T12:30:12,973.6,0,0,43.4,5.167009079,277.6306324,4.804542559,39.012898,0.883606054,47.70966201,187.4391288,5.0912,45.224,0.888946015
2013-06-06T14:15:12,839.8,0,0,43.3,4.435576629,320.0549203,4.133358772,39.0614573,0.966503384,47.48722297,161.4550172,4.3764,45.1492,0.835463078
2013-06-07T10:00:12,821,0,0,37.4,4.300203435,369.587444,4.019259152,39.63413391,0.960968562,48.00210459,159.2998554,4.2438,45.7391,0.913176471
2013-06-07T12:45:12,968.6,0,0,44.9,5.122224775,293.9253499,4.764897343,38.51807236,0.890065455,47.22025398,183.5346606,5.0536,44.8981,0.929128942
2013-06-07T14:45:12,748.4,0,0,42.7,3.942216292,352.4097023,3.67564062,38.98875912,1.036376543,47.23593785,143.3086667,3.8875,45.1218,0.910432825
2013-06-07T15:30:12,610.6,0,0,39.8,3.171110141,406.6678895,2.960347622,39.32951722,1.198468234,47.25421481,116.4290428,3.1238,45.3501,0.897228637
2013-06-08T07:30:12,170.1,0,0,18.1,0.908717709,1423.61546,0.849509513,40.8817189,6.148148779,47.95287948,34.72940912,0.8945,46.4214,-0.003750586
2013-06-08T11:15:12,957.4,0,0,38.3,5.03801809,288.7191633,4.702551465,39.5840848,0.885120754,48.2460537,186.146196,4.9693,45.8204,0.935889378
2013-06-08T16:00:12,513.1,0,0,34.6,2.598458743,665.8072941,2.432700612,39.93978735,1.309102369,47.58486245,97.16154511,2.5617,45.8594,0.915623997
2013-06-08T16:15:12,458,0,0,33.5,2.289497671,575.2528005,2.13762468,39.96457038,1.489849815,47.47681945,85.42925198,2.2511,45.5915,0.911562285
2013-06-09T07:45:12,388.3,0,0,20.3,1.83512228,840.8006049,1.724065414,41.55316952,1.852684542,48.88412428,71.6403824,1.8066,47.1148,0.863942956
2013-06-09T13:00:12,983.6,0,0,36.1,5.15408447,298.3852716,4.811319334,39.95541162,0.843520693,48.60926578,192.2382444,5.0787,46.3596,0.927124682
2013-06-10T10:45:12,946.8,0,0,35.3,4.945566185,329.308371,4.626371946,40.11930721,0.882815113,48.7078484,185.6068374,4.8809,46.3616,0.902229666
2013-06-10T12:00:12,1002.1,0,0,34.5,5.251176377,268.1778413,4.90202051,39.94145465,0.843606753,48.65905603,195.7938299,5.1702,46.3551,0.916398714
2013-06-11T08:15:12,222.1,0,0,19.4,1.200299252,1131.720616,1.124912346,41.15683543,3.42531516,48.28537968,46.2978323,1.181,46.7076,-0.00566114
2013-06-11T11:00:12,1141.4,0,0,42.6,6.025199014,262.3525084,5.610710244,38.80157552,0.825040486,47.88001212,217.7043973,5.9432,45.2721,0.750491159
2013-06-11T15:30:12,222.2,0,0,27.3,1.207871161,1088.557693,1.128492615,40.0520086,3.887809123,47.2258641,45.19839591,1.189,45.5596,-0.004649361
2013-06-12T08:30:12,321.1,0,0,23.1,1.678815989,896.0998659,1.574532943,41.03733139,2.210242037,48.31923645,64.61463017,1.6531,46.7759,0.010540915
2013-06-14T08:30:12,585.6,0,0,25.5,2.962255897,660.0022351,2.78170147,41.3004577,1.142809623,49.01739385,114.8855439,2.929,47.1584,0.831148019
2013-06-14T11:45:12,982.7,0,0,36.3,5.178049815,304.4484352,4.838134779,39.95371972,0.853604646,48.63545067,193.3014809,5.1075,46.3596,0.896250381
2013-06-14T14:00:12,876.1,0,0,36.9,4.630010997,337.0700915,4.327936745,39.7278781,0.919055702,48.24381531,171.9397434,4.5661,46.0721,0.923187445
2013-06-14T14:30:12,807.4,0,0,36.7,4.262966843,341.3656541,3.982023814,39.86637062,0.945753847,48.19083044,158.7488372,4.2022,46.009,0.91648146
2013-06-14T15:15:12,679.2,0,0,32.7,3.549756018,383.9992047,3.320354467,40.33819248,1.059135209,48.35760836,133.9370976,3.4993,46.305,0.90824118
2013-06-15T12:15:12,1000.2,0,0,45.4,5.316261953,279.8901969,4.950541937,38.78731527,0.87803878,47.58214999,192.0182309,5.2419,45.1856,0.805289189
2013-06-15T13:15:12,858,0,0,43.3,4.581253087,313.5311709,4.270286927,38.94681627,0.933869167,47.44020187,166.3140804,4.5177,45.155,0.599670511
2013-06-15T14:30:12,842.2,0,0,44.2,4.499902098,312.876843,4.191364075,38.73313031,0.946892718,47.19282856,162.3446509,4.4384,44.8877,0.721332113
2013-06-17T12:30:12,1087.7,0,0,46.8,5.791538553,217.0429925,5.377673671,38.32731124,0.851607848,47.32219157,206.1117725,5.7033,44.6789,0.837523277
2013-06-17T14:00:12,944.3,0,0,44.2,5.025314095,300.9254297,4.685258427,38.94517159,0.899332885,47.60228715,182.4681934,4.9554,45.1739,0.867445566
2013-06-18T10:30:12,975.4,0,0,40.8,5.145801139,290.8874379,4.79965629,39.29650713,0.879851651,48.01119739,188.6097276,5.0788,45.7625,0.860038512
2013-06-18T11:45:12,1198.8,0,0,37,6.398289796,223.2810727,5.968297051,39.98885883,0.774414211,49.14689639,238.6653882,6.3063,46.4878,0.751769464
2013-06-19T18:00:12,102.3,0,0,18.9,0.548310964,1954.284498,0.508980951,39.88844099,5.16556174,46.63166527,20.30245663,0.5387,45.1934,-0.003968254
2013-06-20T11:15:12,264.4,0,0,18.7,1.449337251,1139.980858,1.362438231,41.56475656,1.947338824,48.66171219,56.62941341,1.4298,47.0432,-0.023016997
2013-06-20T14:45:12,292.9,0,0,24,1.647329329,974.26003,1.544676278,41.04563125,1.963994424,48.26320102,63.40221291,1.6236,46.5229,-0.013556389
2013-06-21T12:00:12,1049.7,0,0,35.2,5.561144788,262.192974,5.192452866,40.19423386,0.829562219,49.01689635,208.7066648,5.4772,46.72,0.871223857
2013-06-21T12:45:12,993.7,0,0,42.4,5.265298927,255.04856,4.903840661,38.94577799,0.870295833,47.7074843,190.9838897,5.1871,45.2467,0.898895582
2013-06-21T15:00:12,726.8,0,0,40,3.840267962,328.7143212,3.58154608,39.40095981,1.024422759,47.5601564,141.1163532,3.7859,45.3937,0.902367988
2013-06-22T10:30:12,610.1,0,0,36.8,3.18846547,508.5782448,2.979619687,39.5764617,1.161516258,47.45924257,117.9228044,3.1429,45.3684,0.612125863
2013-06-22T11:15:12,967.9,0,0,45.5,5.118674027,277.0448221,4.761976711,38.42190925,0.885320162,47.14049457,182.964237,5.0468,44.6503,0.911267319
2013-06-22T12:15:12,1005.7,0,0,46.3,5.342521057,242.9536911,4.965776227,38.41255701,0.880909005,47.22997172,190.7481624,5.2608,44.9052,0.909310275
2013-06-22T15:15:12,681.9,0,0,41.9,3.588348551,374.3086202,3.345094201,38.93485983,1.10272705,47.03192914,130.2407738,3.535,44.8519,0.878387398
2013-06-23T07:15:12,143.9,0,0,21.9,0.780590429,1536.249316,0.727504636,40.08214302,6.108412603,47.06806718,29.15994485,0.7674,45.4646,-0.002881844
2013-06-23T08:45:12,180.9,0,0,24.2,1.006693532,1299.01531,0.940077639,40.13990624,6.887604678,47.33634654,37.7346283,0.9904,45.5459,-0.004901961
2013-06-23T13:30:12,595.8,0,0,43.1,3.164448687,413.2289001,2.950441168,38.79505343,1.179951171,46.73043538,114.4625228,3.1157,44.7771,0.023028391
2013-06-23T15:45:12,318.2,0,0,29.3,1.744933752,784.8927219,1.633982255,40.32299248,2.002681769,47.6673025,65.88705418,1.7175,45.9121,-0.009214092
2013-06-26T08:45:12,201.5,0,0,23.5,1.130515908,1122.821511,1.056061011,40.43365042,2.852264879,47.45275017,42.70040174,1.1123,45.8139,-0.004954583
2013-06-26T10:30:12,253.5,0,0,24.1,1.424163892,947.3901287,1.33438059,40.67258739,1.867754529,47.77903304,54.27271118,1.4018,46.1632,-0.006993007
2013-06-26T17:00:12,194.3,0,0,27.7,1.038235065,1231.321607,0.968233552,39.71237515,6.828089788,46.91378,38.45085406,1.0217,45.2064,-0.003271984
2013-06-28T14:00:12,859.6,0,0,47.9,4.565174604,290.9828075,4.2426871,38.17501763,0.940123348,46.66883824,161.9646548,4.5025,44.2919,0.93699187
2013-06-28T14:45:12,752.9,0,0,47.9,3.984929725,342.9468767,3.706861705,38.34958253,1.025884718,46.62421602,142.1565989,3.9266,44.5221,0.929659443
2013-06-28T15:00:12,712.9,0,0,48.2,3.75907496,378.2681484,3.498140185,38.24839214,1.103330763,46.43652878,133.7982376,3.7096,44.2594,0.92987648
2013-06-29T07:00:12,174.6,0,0,23.9,0.890037308,1412.698209,0.83115303,39.94444654,3.473010079,46.9032307,33.19994776,0.8756,45.4588,0.133105802
2013-06-29T09:15:12,668.6,0,0,38.9,3.484946306,379.220826,3.254258634,39.41996081,1.116451469,47.46200696,128.2827478,3.4316,45.3762,0.909363909
2013-06-29T10:45:12,895.1,0,0,47.6,4.742400716,300.4789719,4.410950433,38.18066561,0.916997545,46.76563415,168.4130235,4.6743,44.5579,0.906253447
2013-07-01T12:30:12,916,0,0,51,4.908542735,262.0461766,4.553693139,37.80254317,0.916036064,46.45461009,172.1411815,4.8386,44.0467,0.783097651
2013-07-01T13:15:12,881.9,0,0,48.3,4.709582563,336.5841333,4.378810655,38.18406849,0.934681706,46.75342983,167.200806,4.6453,44.554,0.769810459
2013-07-01T13:30:12,861.2,0,0,49.2,4.601193659,309.9724316,4.27433981,38.03284374,0.940254924,46.55023089,162.5652981,4.538,44.2958,0.770535611
2013-07-02T16:00:12,499.4,0,0,42.7,2.585942272,517.4708294,2.407964747,38.76906534,1.396647883,46.44685927,93.3545426,2.549,44.4753,0.767692049
2013-07-04T08:45:12,588.2,0,0,28.2,3.006666043,536.0705748,2.816282852,40.9105084,1.158325358,48.66650563,115.2155632,2.9632,46.8169,0.901805701
2013-07-04T14:00:12,876.7,0,0,40.2,4.643719561,302.9642507,4.330332432,39.36168225,0.939337131,47.85469715,170.4491692,4.5774,45.4867,0.922063421
2013-07-05T10:45:12,921.1,0,0,37.2,4.847848845,279.0402932,4.524477037,39.69300773,0.909032734,48.26157314,179.590102,4.7844,46.0754,0.906368256
2013-07-06T14:45:12,780.6,0,0,37.1,4.110618656,352.2819702,3.836741071,39.78117735,0.970313061,48.03372491,152.630077,4.0523,45.9882,0.900483676
2013-07-06T16:00:12,538,0,0,33.4,2.750970397,519.6725813,2.57128153,40.09919507,1.307716615,47.8177022,103.1063197,2.7068,45.9349,0.882140615
2013-07-07T09:30:12,754.2,0,0,34.6,3.923599849,377.272855,3.664985242,40.18889498,1.00314839,48.35053329,147.291707,3.8654,46.3148,0.77210552
2013-07-07T11:45:12,976.6,0,0,42.7,5.17210629,264.7721744,4.814576715,39.13650126,0.893237565,47.85025535,188.4256877,5.091,45.488,0.869108313
2013-07-07T14:00:12,878.5,0,0,43.2,4.652296475,305.6847258,4.332162455,38.90461152,0.942418233,47.42075701,168.5410973,4.5874,45.1349,0.891606822
2013-07-07T14:45:12,768.2,0,0,39.1,4.053868114,333.8106809,3.780448685,39.31800865,0.986283902,47.58208333,148.6397141,3.9921,45.3827,0.882055082
2013-07-07T16:15:12,475,0,0,37,2.402795079,623.1644772,2.246435652,39.56301083,1.431779393,47.14362485,88.87575803,2.3671,45.3209,0.860664156
2013-07-08T11:30:12,972.6,0,0,41.2,5.124458817,251.4437194,4.771172218,39.20724057,0.877328325,47.89719766,187.064497,5.0416,45.4854,0.910059542
2013-07-08T16:15:12,487.1,0,0,36.6,2.457104502,571.3262918,2.294197416,39.60787641,1.45008225,47.21691449,90.86828773,2.4176,45.3176,0.888090864
2013-07-09T12:15:12,979.2,0,0,46.6,5.167708358,243.6382492,4.802571117,38.376818,0.884966401,47.11486307,184.3073977,5.0876,44.6106,0.896926615
2013-07-09T16:00:12,534.4,0,0,41.1,2.724072801,464.5753813,2.53736333,39.0105372,1.265810135,46.71196688,98.98390659,2.6807,44.956,0.878768544
2013-07-09T16:15:12,480.4,0,0,41.2,2.426189813,518.1331681,2.260641841,38.92097604,1.393411659,46.54852707,87.98638692,2.3864,44.6965,0.87670068
2013-07-10T11:30:12,954.5,0,0,40.8,5.062042208,275.206115,4.718948306,39.28916287,0.891647293,47.94148974,185.4035286,4.9918,45.4744,0.897320952
2013-07-10T13:15:12,948.1,0,0,43.6,5.04322508,257.3179617,4.6924427,38.84490437,0.879297977,47.51288947,182.2774879,4.9686,45.1316,0.909304311
2013-07-10T15:45:12,587.1,0,0,39.6,3.057565793,435.5721229,2.852241605,39.29797874,1.198373394,47.14231238,112.08733,3.0113,45.3105,0.890868263
2013-07-13T08:45:12,592.1,0,0,27.3,3.01803841,582.0724249,2.83847561,41.01124806,1.166354094,48.8242569,116.4094274,2.9756,46.8247,0.88812134
2013-07-13T10:00:12,823.5,0,0,34,4.309082264,351.3470124,4.027925943,40.26938793,0.960386162,48.5860916,162.2021124,4.2442,46.3108,0.902360515
2013-07-13T13:30:12,946.2,0,0,39.5,4.989619861,288.367616,4.659184767,39.4028905,0.888658758,48.04008595,183.5853472,4.9208,45.7287,0.905716724
2013-07-14T13:00:12,970,0,0,47.7,5.149273564,255.4059693,4.783896502,38.31641289,0.892120239,47.03925182,183.3017536,5.0669,44.6067,0.917863176
2013-07-15T11:45:12,989.5,0,0,42.8,5.20859377,259.2082509,4.849461329,39.00607824,0.862705138,47.72802111,189.158468,5.1294,45.4679,0.917325291
2013-07-16T14:15:12,969.8,0,0,38.7,5.174410978,277.2254482,4.831525436,39.82037986,0.857548556,48.49841854,192.3931781,5.1009,46.1125,0.604178987
2013-07-17T08:45:12,192,0,0,22.8,1.028925979,1156.626538,0.961443948,40.36042821,6.689860484,47.57398132,38.80428946,1.0101,45.8126,-0.00422833
2013-07-17T13:15:12,958.6,0,0,43.8,5.057994065,253.6807177,4.708301689,38.89178159,0.891186065,47.56435928,183.114241,4.9792,45.1414,0.912712863
2013-07-17T15:15:12,690,0,0,42.6,3.612678617,309.5955492,3.366348585,39.05501063,1.101553891,47.14860134,131.4727798,3.5532,45.0789,0.892009817
2013-07-18T09:30:12,732.8,0,0,34.3,3.802543195,381.4169837,3.555758066,40.35442364,1.033139928,48.47535852,143.4905674,3.7424,46.3148,0.857142857
2013-07-18T14:45:12,789.5,0,0,42.2,4.130505661,332.2241828,3.85265705,39.09876497,1.001371381,47.40079162,150.6341325,4.0672,45.3449,0.901675702
2013-07-19T08:45:12,585.5,0,0,31,2.966003046,504.2014744,2.781106683,40.57086532,1.192892718,48.3289443,112.8319047,2.919,46.5353,0.873818013
2013-07-19T09:30:12,734.2,0,0,34.9,3.794508016,354.4743387,3.548800108,39.9906922,1.01308679,48.12232553,141.9189728,3.7354,45.9713,0.886026029
2013-07-19T10:15:12,861.8,0,0,35.7,4.479011937,325.6251247,4.185304864,39.93634662,0.933988211,48.33714453,167.1457858,4.4113,46.0422,0.893490434
2013-07-19T11:45:12,995.8,0,0,39.1,5.209788004,262.4475746,4.862452301,39.54955232,0.851110133,48.26375427,192.3078117,5.1271,45.8003,0.90686991
2013-07-20T12:00:12,1005,0,0,40.1,5.258210225,260.1547279,4.910377782,39.33406391,0.860645997,48.07601483,193.1451135,5.1792,45.7385,0.905286115
2013-07-20T16:30:12,439.6,0,0,35.9,2.152428919,585.6764999,2.010928339,39.58932173,1.512767212,47.05882649,79.61128898,2.1128,45.2923,0.881678684
2013-07-21T09:00:12,646.7,0,0,32.2,3.300984726,413.9536539,3.090198629,40.37404877,1.145979513,48.2995181,124.7638301,3.2454,46.2809,0.901686608
2013-07-21T09:45:12,786.8,0,0,37.1,4.077388203,360.0612142,3.814169577,39.83527288,1.007694888,48.10591644,151.9384859,4.0203,45.9726,0.911702261
2013-07-21T11:15:12,974.4,0,0,41.1,5.087384317,253.7949733,4.7445853,39.26159025,0.874787897,47.92383457,186.2799639,5.0107,45.4692,0.927228301
2013-07-21T16:15:12,502.2,0,0,37.4,2.499204303,492.9808108,2.333696228,39.43646691,1.477357896,47.06585744,92.03273409,2.4562,45.2884,0.911441609
2013-07-22T12:30:12,1014.5,0,0,42.5,5.302140416,241.9588127,4.939184552,38.9318569,0.880045861,47.71729683,192.2916262,5.2129,45.2044,0.918297608
2013-07-22T15:00:12,778,0,0,42.1,4.037748571,312.9760708,3.768448229,39.03750424,1.004807707,47.31652203,147.1108137,3.9708,45.0815,0.889986074
2013-07-22T15:15:12,672.4,0,0,40.7,3.48803589,312.594617,3.250259499,39.17539683,1.126655918,47.20225198,127.3302057,3.4266,45.0607,0.820264842
2013-07-26T11:45:12,983,0,0,44.6,5.099827775,260.9599239,4.755701187,38.74937316,0.898799044,47.45338288,184.28044,5.0203,45.1414,0.873875826
2013-07-26T12:00:12,990.1,0,0,44.8,5.144554201,230.5819589,4.793105783,38.75900368,0.89337638,47.47048174,185.7760047,5.0612,45.1407,0.875698925
2013-07-26T15:30:12,643.2,0,0,42.3,3.277942595,376.778211,3.061116426,38.98052418,1.126110237,46.94431285,119.3239228,3.2227,44.997,0.854407836
2013-07-27T10:45:12,932.8,0,0,39.1,4.806292059,271.4279078,4.491077283,39.52448078,0.889467218,48.07146831,177.5074977,4.734,45.7476,0.928044693
2013-07-30T07:30:12,113.4,0,0,18.6,0.604116827,2137.28758,0.563826437,40.06814622,8.338438231,47.02240113,22.59148011,0.5934,45.4939,-0.005564388
2013-07-30T12:15:12,1016,0,0,42.9,5.257802367,257.986436,4.906662631,39.09400287,0.872488632,47.83877231,191.821083,5.1709,45.4971,0.90706516
2013-07-30T16:30:12,448.8,0,0,35.8,2.224489212,603.2515885,2.083585687,39.67626927,1.466397793,47.18339141,82.66890677,2.1836,45.3202,0.546349942
2013-07-31T09:15:12,139.5,0,0,21.2,0.775490899,1797.297766,0.725213025,40.18693797,4.448934826,47.06653313,29.14409084,0.7619,45.5641,-0.004009164
2013-07-31T10:15:12,172.2,0,0,22.5,0.935769328,1487.968287,0.876929777,40.29686211,2.570330393,47.1978704,35.33751832,0.9189,45.8243,-0.005306319
2013-07-31T10:30:12,309.8,0,0,25,1.654200904,945.5381422,1.553152712,40.83411461,1.953912857,48.06671888,63.42161585,1.625,46.4507,-0.004987531
2013-07-31T12:30:12,299.4,0,0,30,1.613240069,912.4107431,1.513681384,40.0626897,2.214418521,47.3504384,60.64214759,1.5851,45.5719,-0.008052028
2013-07-31T13:15:12,459.7,0,0,34.5,2.372142747,547.4372595,2.223241356,39.79966999,1.418505544,47.36020335,88.48427226,2.3302,45.6084,0.21998372
2013-07-31T13:45:12,345.4,0,0,41.3,1.788964871,641.5578977,1.668039376,38.23206066,1.701380986,45.56034742,63.77258261,1.7563,43.7657,0.077534791
2013-08-01T15:45:12,61.6,0,0,21.1,0.349228026,3100.847559,0.323669697,38.6078568,8.263042145,45.36527668,12.49619333,0.3429,43.9621,-0.006802721
2013-08-02T07:15:12,173.3,0,0,20.9,0.843169822,1869.350479,0.790173551,40.36670348,4.014384313,47.28334889,31.89670145,0.8299,45.8341,0.014790076
2013-08-02T09:30:12,841.9,0,0,36.1,4.314026017,350.0799824,4.042949842,40.06726722,0.95799884,48.40181274,161.9899517,4.2451,46.3219,0.695689029
2013-08-02T10:15:12,962.3,0,0,41.2,4.958102194,283.554394,4.636015695,39.20090268,0.90934092,47.82883788,181.7360001,4.8867,45.488,0.735786667
2013-08-02T12:30:12,995.6,0,0,44.4,5.167859976,247.70386,4.812117314,38.55806423,0.892086539,47.28203908,185.5459285,5.0798,44.8987,0.87118165
2013-08-02T15:00:12,726.2,0,0,38.4,3.718537034,335.3902828,3.483048598,39.57081794,1.064722682,47.7011814,137.8270819,3.6603,45.6962,0.837792642
2013-08-03T14:30:12,855.7,0,0,44.4,4.419332025,292.502471,4.126672768,38.80774867,0.973513572,47.23607596,160.1468796,4.3452,44.8812,0.850733284
2013-08-03T15:30:12,652.2,0,0,39.1,3.29853561,386.5206997,3.090663579,39.47781907,1.112416047,47.41607345,122.0126576,3.2401,45.3554,0.854860794
2013-08-04T08:45:12,556.3,0,0,32.3,2.766526152,521.5044062,2.600022355,40.31210377,1.26677153,47.98683224,104.812371,2.7323,46.1983,0.776281266
2013-08-04T13:15:12,938.8,0,0,48.6,4.868729147,239.8870648,4.534641161,38.15694002,0.909515372,46.77438998,173.0280308,4.7896,44.3016,0.812688122
2013-08-05T10:30:12,879.9,0,0,43,4.499049533,310.1189589,4.203787133,38.95801981,0.932425494,47.39947748,163.7712224,4.4381,45.1362,0.886230469
2013-08-05T13:30:12,944,0,0,49.2,4.859191265,286.9492014,4.532929601,38.008054,0.917088445,46.63475388,172.287833,4.7971,44.2789,0.891559338
2013-08-05T15:15:12,696.9,0,0,44.9,3.529023319,335.2321049,3.295602601,38.66401696,1.097127808,46.72896708,127.4212348,3.465,44.7413,0.876684538
2013-08-06T13:15:12,951.4,0,0,48.2,4.890696708,245.4129749,4.558071804,38.23474346,0.905029115,46.87457264,174.2767061,4.8121,44.5449,0.821597326
2013-08-06T14:15:12,852.5,0,0,48,4.36325273,289.9503137,4.073201341,38.31528761,0.947275641,46.7325196,156.0658808,4.2931,44.5169,0.810318855
2013-08-07T10:15:13,261,0,0,24.6,1.407868856,978.7718039,1.322884508,40.67512912,2.270549418,47.81214521,53.80849818,1.383,46.1743,-0.008027923
2013-08-08T07:00:12,67.9,0,0,17,0.361428605,2641.69758,0.333639178,39.27232104,15.78460163,46.18664447,13.1027849,0.3529,44.621,-0.004830918
2013-08-08T18:45:13,43,0,0,27.3,0.23479501,3258.074377,0.214299988,36.85802422,11.46403208,43.49875208,7.898674131,0.2292,42.1545,-0.001879699
2013-08-09T08:15:12,297.5,0,0,27.9,1.503566439,764.0189727,1.404767494,40.28320985,2.18486212,47.46419158,56.58854375,1.4712,45.8256,0.048903379
2013-08-09T08:30:12,434.1,0,0,30.8,2.189090093,553.8059689,2.04791317,40.32347402,1.506161486,47.76943067,82.57897351,2.1471,45.9258,0.484364604
2013-08-11T08:15:12,541,0,0,26.9,2.672475626,555.9101176,2.518519616,41.08986745,1.260772323,48.73540131,103.4856372,2.6338,46.841,0.625968659
2013-08-11T09:15:12,304.8,0,0,25.7,1.58715586,955.0053961,1.491152277,40.5910531,1.721345884,47.77571265,60.52744128,1.5592,46.1736,0.004429679
2013-08-12T08:00:12,161.5,0,0,21.2,0.855028278,1623.716518,0.800925108,40.34623755,2.680661699,47.18574778,32.31431468,0.8393,45.8308,-0.004044489
2013-08-12T09:30:12,289.3,0,0,26.7,1.524048078,905.8701592,1.429672775,40.42622827,2.373608364,47.63564012,57.79627794,1.4966,46.0936,-0.004137116
2013-08-12T11:00:12,239.8,0,0,26.8,1.280355673,1048.379994,1.200047493,40.18910345,3.166418408,47.33652875,48.22883286,1.2568,45.812,-0.005244755
2013-08-12T12:30:12,553.5,0,0,30.8,2.876172026,491.177553,2.701282134,40.50306144,1.25668379,48.2590785,109.4101962,2.8256,46.2764,0.030696369
2013-08-13T09:30:12,745.4,0,0,35.6,3.823916943,405.6831939,3.594307018,39.90917667,1.026125531,48.05502617,143.4458338,3.7774,45.9655,0.86964672
2013-08-13T14:45:12,762.3,0,0,44.9,3.970834834,320.4376977,3.709380632,38.78377331,1.014322685,47.03468991,143.8637776,3.9053,44.8578,0.802145075
2013-08-14T07:45:12,387.5,0,0,25.8,1.881347936,1186.106912,1.782365966,40.8352326,1.818985437,48.19287786,72.78332878,1.8688,46.4611,0.465152184
2013-08-14T12:30:12,569,0,0,42.3,2.982202612,404.9405578,2.789122948,38.69534914,1.23751749,46.56965479,107.9260863,2.9306,44.4955,0.17074041
2013-08-14T13:15:12,1019,0,0,47.1,5.295607877,218.4818855,4.926968841,38.30248472,0.870234851,47.09750443,188.7151487,5.2023,44.6488,-0.002077059
2013-08-14T14:45:12,443,0,0,40.7,2.368437775,678.9566018,2.212735265,39.04737187,1.498579175,46.62278336,86.40149675,2.3375,44.7244,0.263314968
2013-08-15T11:30:12,426.5,0,0,35,2.287280525,701.429317,2.141670698,39.70777821,1.527908461,47.27095452,85.04098507,2.2545,45.5837,-0.010690216
2013-08-15T15:45:12,346.4,0,0,37.6,1.830371991,817.9658337,1.710240626,39.13872283,1.791997836,46.50882064,66.93663385,1.8045,44.7088,0.487380331
2013-08-16T07:45:12,181.8,0,0,26.2,0.985132364,1346.499414,0.91931334,39.84196095,3.332398276,46.84185419,36.62724618,0.9699,45.2058,-0.001846722
2013-08-16T10:15:12,178.2,0,0,29.7,0.986983332,1352.244935,0.922066322,39.21315403,2.663573897,46.21068825,36.15712871,0.9724,44.5937,-0.003172924
2013-08-16T12:15:12,1116.8,0,0,50.2,6.004177028,210.3088078,5.564452058,37.88649081,0.825513372,46.96703736,210.8175618,5.9132,44.353,0.774229979
2013-08-16T16:00:12,538.8,0,0,42.5,2.81723271,673.1612575,2.635495888,38.91578172,1.282114352,46.70806532,102.5623827,2.7821,44.7342,0.867168391
2013-08-17T10:15:12,912.2,0,0,43.8,4.837262141,414.5028901,4.519146396,38.98122669,0.917007173,47.57757858,176.1618701,4.7891,45.1628,0.860396405
2013-08-17T13:15:12,975.5,0,0,49.8,5.218223287,273.2357608,4.850069392,38.10691629,0.877585621,46.88062398,184.8211883,5.1415,44.567,0.920182841
2013-08-18T08:45:12,232.2,0,0,24.8,1.244381292,1076.135758,1.164878027,40.33018393,2.486771379,47.44148888,46.97974508,1.224,45.8263,-0.003783579
2013-08-18T09:45:12,460.6,0,0,32.8,2.42462922,676.3533636,2.272782645,40.09193783,1.439138821,47.68003782,91.1202605,2.3908,45.9401,0.053575758
2013-08-18T13:00:12,995.2,0,0,46.6,5.320271241,264.5681016,4.948791691,38.47123887,0.878919083,47.27359766,190.3861473,5.2436,44.9091,0.924489089
2013-08-19T08:30:12,541.4,0,0,32.7,2.748446291,579.8863541,2.575778715,40.17228638,1.292151592,47.89079661,103.4749202,2.7112,45.9362,0.886495925
2013-08-19T09:15:12,697.4,0,0,37,3.66073029,443.7433991,3.427194067,39.76464468,1.056289017,47.82213009,136.2811543,3.6207,45.702,0.90227451
2013-08-20T09:15:12,722.1,0,0,33.6,3.757621849,478.5633562,3.524742206,40.28891277,1.029923456,48.40257399,142.0080313,3.7099,46.2998,0.889790295
2013-08-20T11:00:12,995.8,0,0,40,5.244704425,266.3425979,4.894476372,39.38242238,0.859085184,48.10307023,192.7563358,5.169,45.7612,0.901096338
2013-08-20T15:30:12,644.2,0,0,37.5,3.376043552,477.7088238,3.157654994,39.67517322,1.137296131,47.65353806,125.2805088,3.3287,45.6858,0.844374168
2013-08-21T08:15:12,340.5,0,0,28.1,1.753509695,892.3855148,1.644311706,40.29123544,1.985356052,47.63166419,66.2513501,1.7281,45.8464,0.39523249
2013-08-24T09:15:12,378,0,0,30.8,1.995058163,976.8125323,1.875974321,40.1647802,1.66527841,47.57622845,75.34809626,1.9721,45.8419,-0.00200451
2013-08-24T15:00:12,352.8,0,0,32.2,1.891777543,982.565688,1.776721987,39.92037135,1.862309484,47.30176787,70.9274015,1.8702,45.5667,0.001363141
2013-08-25T10:15:12,290.4,0,0,22.8,1.564674828,1144.298832,1.470162593,41.0940957,2.227026561,48.30636008,60.41500229,1.5435,46.787,-0.005837712
2013-08-25T10:45:12,267,0,0,28.8,1.423155654,1136.5339,1.332638811,39.92819391,3.052778042,47.18780741,53.20986084,1.4036,45.5687,-0.002720677
2013-08-25T13:00:12,215.3,0,0,30.4,1.180280674,1243.262539,1.103847572,39.42168176,3.229846519,46.58959523,43.51552771,1.1631,44.9371,-0.00240096
2013-08-25T13:30:12,261.5,0,0,28,1.453984863,1100.383811,1.362949517,40.11975306,2.562179291,47.36830589,54.68119805,1.4334,45.8191,-0.001552795
2013-08-25T14:15:12,193,0,0,29.1,1.068213344,1343.765332,0.997699848,39.46852496,4.890220996,46.6469435,39.37774136,1.0523,44.9417,-0.005826983
2013-08-25T15:15:12,149.3,0,0,25.5,0.823565357,1509.692119,0.767385206,39.65207299,6.19970732,46.70171397,30.4284142,0.8103,45.1947,-0.005545287
2013-08-26T13:15:12,1021.8,0,0,45.6,5.491370676,247.6875957,5.101903829,38.39378244,0.870686846,47.25811466,195.8813857,5.4099,44.9065,0.902767921
2013-08-26T15:45:12,635.3,0,0,41,3.368516,419.6810879,3.145783506,39.23237664,1.137244036,47.22207091,123.4165633,3.3187,45.1049,0.693189154
2013-08-27T12:15:12,1015.8,0,0,49,5.448810849,218.1580659,5.058860934,38.13244139,0.857297776,46.98607455,192.9067181,5.3705,44.582,0.909855484
2013-08-29T09:00:12,169.6,0,0,25.5,0.936033142,1444.925081,0.87438985,39.83243362,3.844885867,46.85521835,34.82907567,0.9219,45.207,-0.005807814
2013-08-29T09:45:12,311.4,0,0,30.8,1.681830489,880.6422128,1.573965566,39.9718319,1.917362301,47.24829873,62.91428703,1.6568,45.5732,-0.0081571
2013-08-30T09:45:12,484.3,0,0,31.2,2.563533354,569.8156122,2.401570609,40.44545864,1.256540201,48.04168729,97.13262472,2.5247,46.2074,0.023005181
2013-08-30T11:45:12,206.5,0,0,33.7,1.040007862,1261.724957,0.969746833,38.76484637,5.636739685,45.9326491,37.59208701,1.0251,44.2457,-0.01337386
2013-08-31T11:45:12,1023.9,0,0,49.1,5.4910743,227.3304283,5.096271312,37.98726199,0.865063886,46.87347077,193.5933935,5.4072,44.3285,0.918805469
2013-08-31T12:30:12,1021.4,0,0,49,5.483938016,207.0949508,5.087667387,38.0499421,0.848872691,46.91126252,193.5854495,5.396,44.3283,0.915075075
2013-08-31T16:00:12,510.2,0,0,43.6,2.680542217,521.4132496,2.501383215,38.62304831,1.347076107,46.37140201,96.61104475,2.6418,44.3849,0.871755725
2013-09-01T12:30:12,1037.9,0,0,47.5,5.563013067,213.4603226,5.155136602,38.23156918,0.847259081,47.10879072,197.0889617,5.4677,44.6516,0.928240466
2013-09-01T14:30:12,825.8,0,0,49.7,4.4532725,272.0302365,4.134746418,38.04727241,0.993738859,46.5082756,157.3158233,4.3846,44.273,0.919146465
2013-09-02T11:15:12,510.1,0,0,42.6,2.718928693,485.2871331,2.534646399,38.78117151,1.341601644,46.5188029,98.29655671,2.6771,44.7472,0.08146424
2013-09-03T09:15:12,741.2,0,0,39.5,3.933078713,358.7160185,3.674973755,39.41027729,1.018223443,47.63636546,144.8317347,3.8778,45.4555,0.825762599
2013-09-03T10:30:12,923.7,0,0,44.9,4.930451817,271.7477395,4.591671581,38.51117116,0.914621074,47.16494981,176.8306502,4.8551,44.8844,0.886838206
2013-09-06T11:30:12,359,0,0,33.4,1.906345415,770.7147058,1.78500369,39.5876855,1.744016347,46.98026907,70.66416468,1.8777,45.2565,0.079459281
2013-09-07T12:45:12,1021.8,0,0,39.7,5.483529102,261.8171691,5.112500245,39.38494891,0.832955159,48.19581296,201.3555609,5.4013,45.787,0.895861812
2013-09-08T11:15:12,998.9,0,0,42.4,5.343011385,269.391671,4.973589008,38.92059959,0.862007501,47.69864461,193.5750663,5.2654,45.2478,-0.002051282
2013-09-08T12:30:12,1025.5,0,0,42.1,5.501626266,245.9516431,5.119257334,39.03746266,0.864748732,47.88062292,199.842817,5.416,45.5034,0.000374625
2013-09-08T16:15:12,437.5,0,0,35.4,2.274122343,608.7160911,2.126279741,39.68549592,1.493528312,47.20075795,84.38246598,2.2406,45.32,-0.00397667
2013-09-09T10:15:12,883.7,0,0,41.1,4.722003968,298.0041473,4.403956604,39.13593166,0.922235316,47.6547535,172.3529447,4.6533,45.469,0.897156948
2013-09-09T14:00:13,892.6,0,0,42.7,4.790036811,304.7701946,4.470146803,39.11923674,0.917321908,47.68019858,174.8687311,4.7208,45.4722,0.908042705
2013-09-11T10:00:12,850.7,0,0,45.9,4.530962861,392.6390977,4.224353331,38.55694734,0.960085983,47.02746047,162.8781689,4.4754,44.8738,0.889480895
2013-09-11T13:00:12,1000.3,0,0,50,5.36230455,238.8233338,4.978289368,37.88614727,0.854981779,46.71010857,188.6082042,5.2821,44.3085,0.900376184
2013-09-11T14:30:12,809.5,0,0,50.4,4.351535746,308.308272,4.045309781,38.13401853,0.978554061,46.5404509,154.2639181,4.2839,44.2617,0.890800063
2013-09-13T08:45:12,118,0,0,20.7,0.643823874,1776.343517,0.599150391,39.80679006,3.857480352,46.62196867,23.85025385,0.6322,45.2248,-0.002068966
2013-09-14T12:30:12,174,0,0,22.6,0.95577236,1294.025649,0.892762308,40.31087951,2.930663371,47.24734268,35.98803381,0.9397,45.822,-0.005181347
2013-09-14T15:15:12,237.3,0,0,25.9,1.26253366,1153.104926,1.182372211,40.28017304,2.887662859,47.45053105,47.62615725,1.2427,45.8272,-0.00550055
2013-09-15T10:15:12,199.9,0,0,24.8,1.094176471,1194.932446,1.022989791,40.21407496,2.261258376,47.18097676,41.13858815,1.0762,45.8265,-0.006117455
2013-09-15T16:45:12,68,0,0,21.6,0.365668196,2841.36807,0.337918344,38.58509603,9.483468137,45.42072088,13.03861175,0.3593,43.9837,-0.003952569
2013-09-16T08:15:12,182.9,0,0,22.2,0.962484641,1415.489316,0.898778063,40.41435991,4.142867128,47.37980423,36.32354011,0.9475,45.8389,-0.004377432
2013-09-16T13:15:12,1075.7,0,0,47.7,5.787241327,212.7795161,5.379213085,38.20014601,0.843248634,47.20012497,205.4867253,5.6968,44.6751,0.759417909
2013-09-16T15:30:12,157.7,0,0,27.2,0.830681788,1470.69321,0.774016429,39.37198661,4.88382048,46.37130669,30.47456447,0.8175,44.8521,-0.003713528
2013-09-17T12:45:12,1171.6,0,0,36.7,6.321450205,224.8105307,5.893859126,39.68730594,0.782957601,48.81809264,233.9113903,6.2272,46.1719,0.662179122
2013-09-17T13:45:12,147.9,0,0,20,0.803141805,1675.382838,0.751637214,40.31452871,3.068338662,47.18539475,30.30190003,0.7911,45.8018,-0.009615385
2013-09-17T16:00:12,534.3,0,0,28.5,2.816545712,541.1634332,2.642144972,41.06844394,1.249418612,48.75740444,108.5087827,2.7769,46.8393,0.688299605
2013-09-19T13:30:12,963,0,0,43.9,5.176579924,251.0663952,4.817406709,38.76762098,0.895027676,47.49804852,186.7593974,5.0963,45.1682,0.912902315
2013-09-19T14:00:12,899.4,0,0,43.4,4.838596227,284.2277351,4.504180719,38.74119285,0.917490595,47.3170216,174.4973338,4.7652,44.9015,0.911693791
2013-09-19T16:00:12,475.9,0,0,38.2,2.513388967,545.7553621,2.350244784,39.38253451,1.431691703,47.03304097,92.55859633,2.478,45.0687,0.871021312
2013-09-20T07:00:12,90.2,0,0,12.4,0.480927617,2780.509026,0.448540711,40.57370451,4.840675964,47.25713818,18.19895825,0.4739,45.8668,0.039296794
2013-09-20T11:15:12,127.5,0,0,30.3,0.711473744,1574.725115,0.660866123,38.49422509,3.460639701,45.34084489,25.4395293,0.6998,43.9879,-0.000706714
2013-09-23T09:30:12,236.1,0,0,21,1.295438736,1034.022432,1.212328005,40.98140829,2.724989014,48.08526218,49.68290894,1.2741,46.4601,-0.005105762
2013-09-24T12:30:12,203.9,0,0,23.6,1.164991681,1102.106099,1.090472693,40.41203445,2.299606732,47.44310348,44.06822003,1.1457,45.8135,-0.003898635
2013-09-24T13:00:12,242.1,0,0,17.9,1.363485662,1105.156382,1.276386208,41.63883425,2.126795704,48.67100785,53.14723376,1.3415,47.0436,-0.005167959
2013-09-25T11:30:12,181.8,0,0,17.1,0.96712994,1384.323533,0.904287205,41.14923453,3.75036652,48.1057229,37.21072627,0.9507,46.6891,-0.00124792
2013-09-26T13:15:12,1000.2,0,0,40.5,5.387805681,262.3819658,5.02216741,39.36567598,0.840692887,48.15056358,197.701015,5.3028,45.753,0.896783417
2013-09-26T13:30:12,978.8,0,0,38.3,5.265785563,269.6737918,4.911671199,39.55487834,0.863590663,48.28397188,194.2805567,5.1835,45.8181,0.8944
2013-09-26T15:30:12,596,0,0,30.7,3.187528018,543.5828334,2.990617926,40.59674727,1.180014328,48.46486882,121.4093601,3.1436,46.5427,0.822580645
2013-09-27T09:30:12,215.3,0,0,19.2,1.178252609,1114.870472,1.103744196,41.01386884,2.838673477,48.0716403,45.2688197,1.1579,46.4458,-0.007413868
2013-09-27T10:00:12,208.3,0,0,20,1.140569952,1183.002866,1.067865657,40.87299148,2.398177797,47.84865998,43.64686392,1.1222,46.4393,-0.003311258
2013-09-27T10:15:12,104,0,0,17.9,0.591037747,1879.190305,0.550784748,40.04505869,4.032923854,46.82704083,22.05620755,0.5808,45.4661,-0.007604563
2013-09-30T10:30:12,197.7,0,0,17.1,1.1286918,1215.577689,1.056052242,41.38261173,3.884916603,48.47304656,43.70219991,1.11,46.7958,-0.004905969
2013-10-01T13:30:12,1046.9,0,0,34.3,5.637158909,278.7702248,5.267818702,40.2680548,0.839589575,49.12570334,212.1248122,5.5519,46.6878,0.812938747
2013-10-02T08:00:12,191.3,0,0,11.1,1.022309031,1420.476383,0.959529168,41.88468499,2.95591495,48.83299276,40.18957693,1.006,47.3506,0.101667563
2013-10-02T08:45:12,211.3,0,0,13.2,1.125599811,1269.354234,1.05463517,41.77440294,3.213390534,48.76993692,44.05675452,1.1075,47.3376,0.141981614
2013-10-03T08:15:12,109,0,0,10.6,0.587745028,1989.964147,0.547458355,41.18149809,3.660709074,47.82337232,22.54515522,0.5772,46.4666,-0.005747126
2013-10-03T12:00:12,429.2,0,0,28.7,2.27721378,665.9695651,2.13301682,40.40430343,1.509636581,47.91785333,86.18305881,2.2421,46.2064,0.06993007
2013-10-04T10:30:12,283.2,0,0,16.1,1.513946257,1022.824677,1.421411152,41.9407708,1.988396471,49.0450604,59.61507937,1.4886,47.3962,-0.006946742
2013-10-04T14:30:12,801,0,0,30.9,4.319319862,382.8705288,4.051655505,40.75531348,0.937722292,49.06578294,165.1264902,4.2571,46.9167,0.842763772
2013-10-05T11:15:12,1034.8,0,0,38,5.50645707,262.6218861,5.138832218,39.63115239,0.833269024,48.43889641,203.6578427,5.4229,46.0835,0.875639098
2013-10-05T12:30:12,1041.8,0,0,41.5,5.591295577,254.549456,5.20983126,39.10498427,0.854994659,47.98358832,203.7303695,5.5052,45.5006,0.90617284
2013-10-05T15:00:12,673.8,0,0,35.4,3.601043156,381.9894358,3.36662714,39.9555827,1.100336216,48.01625751,134.5155491,3.5458,45.9618,0.882073336
2013-10-05T16:30:12,299.6,0,0,26.7,1.523433056,930.2593044,1.429598842,40.44782587,2.226068926,47.63342942,57.82416501,1.5043,46.09,0.803333333
2013-10-06T14:15:12,831.4,0,0,41,4.486120551,299.2342155,4.18620145,39.23276358,0.935055974,47.661185,164.2362518,4.4143,45.4505,0.871619118
2013-10-07T16:00:12,434.9,0,0,25.7,2.312191427,673.6493489,2.173467312,41.15864706,1.362140574,48.6204396,89.45697401,2.282,46.8062,0.719855596
2013-10-09T11:00:12,130.7,0,0,12.4,0.715226239,1729.064252,0.667399288,41.32328614,6.931485887,48.2400985,27.57913176,0.7024,46.7301,-0.00602047
2013-10-09T12:15:12,396.8,0,0,20.9,2.113066175,703.9690665,1.983004378,41.61250664,1.51128375,48.97337122,82.51778283,2.0783,47.1594,0.006441639
2013-10-11T12:15:12,317.1,0,0,21.9,1.743781489,798.2673255,1.635191509,41.26095878,1.836531505,48.49824083,67.46956943,1.7139,46.7899,0.020061728
2013-10-13T08:15:12,77,0,0,11.1,0.41165912,2411.543517,0.381195137,40.39930619,6.784073885,47.06686982,15.40001907,0.4037,45.5982,-0.004296455
2013-10-13T09:45:12,140.6,0,0,13.9,0.763185951,1563.898635,0.713633172,41.07604746,6.833552462,48.11691065,29.31323005,0.749,46.464,-0.006067961
2013-10-15T11:00:12,995.6,0,0,37.4,5.321380692,262.1711651,4.971409594,39.62664403,0.862615618,48.37990433,197.0002783,5.2386,46.1043,0.87669887
2013-10-15T14:15:12,793.9,0,0,34.9,4.294144192,329.1202114,4.016494561,40.08543447,0.964213057,48.40472971,161.0029295,4.2243,46.3183,0.855893378
2013-10-16T11:00:12,956.3,0,0,38.5,5.154739504,263.7218024,4.81055558,39.38962448,0.87006961,48.07378223,189.4859778,5.072,45.7673,0.881961052
2013-10-16T11:45:13,998.8,0,0,38.5,5.384390938,240.1906833,5.021667135,39.54939109,0.833991706,48.30927946,198.6038774,5.2999,45.8441,0.853035657
2013-10-16T16:00:12,330.6,0,0,27.7,1.759779984,817.3855278,1.652122837,40.51729875,1.858459645,47.77559249,66.93955455,1.7361,46.196,0.714752314
2013-10-16T16:15:12,274.2,0,0,25.8,1.438795468,866.7988776,1.349488877,40.46832467,2.585058536,47.66232482,54.61155401,1.418,46.114,0.657965194
2013-10-17T15:45:12,437,0,0,27.6,2.341935346,570.1697689,2.196678543,40.88563482,1.423931139,48.33580326,89.81259673,2.3061,46.531,0.800167224
2013-10-18T09:30:12,293.1,0,0,16.3,1.585571577,900.6771538,1.487552305,41.90300328,1.812151896,49.03510473,62.3329091,1.5556,47.4137,-0.004231909
2013-10-18T10:45:13,943.3,0,0,32.2,5.047509095,282.5652034,4.726824554,40.37625053,0.879123355,48.98676438,190.8514524,4.9684,46.717,0.807400881
2013-10-18T14:15:12,780.9,0,0,36.1,4.225649569,347.1896986,3.949745401,40.01543131,1.037481631,48.30717859,158.0507658,4.159,46.0503,0.863153329
2013-10-20T12:15:12,996.3,0,0,34.2,5.330953854,268.5620472,4.98297773,40.14637654,0.852337049,48.86644934,200.0485003,5.2462,46.4087,0.825380881
2013-10-20T13:30:12,905.3,0,0,38.5,4.886887679,290.9697878,4.566390303,39.72921452,0.883823715,48.29541257,181.4190999,4.8165,46.0659,0.871516738
2013-10-21T15:45:12,414.3,0,0,28.2,2.21793117,604.8292214,2.080695879,40.72513655,1.506911195,48.16638891,84.73662381,2.1831,46.4575,0.788317757
2013-10-23T11:30:12,965.9,0,0,40.5,5.207667518,241.3764754,4.854289095,39.27442354,0.873306827,47.9821178,190.6494059,5.1234,45.4967,0.868332447
2013-10-23T14:15:12,745.5,0,0,37.1,4.036185684,330.1782837,3.770288427,39.82792396,0.993378109,48.0376424,150.1627608,3.9652,45.982,0.838633128
2013-10-24T15:45:12,364.3,0,0,28.1,1.944097902,733.2324046,1.826880636,40.64464417,1.708217094,47.97788625,74.25291339,1.9147,46.2045,0.698062433
2013-10-25T09:45:12,45.3,0,0,11.7,0.256887924,3795.963857,0.236225459,39.24531337,8.386251865,45.9653814,9.270742161,0.2516,44.6374,-0.005639098
2013-10-27T14:30:12,181.4,0,0,16.2,1.005994386,1195.879323,0.941267418,41.28796668,2.635957132,48.21658057,38.8630178,0.9884,46.7827,0.054918527
2013-10-29T10:15:12,863.2,0,0,28.9,4.634448226,378.2846086,4.34954915,40.83923463,0.886959168,49.25408098,177.6322583,4.5659,46.9467,0.85884101
2013-10-29T11:45:13,974.9,0,0,34.8,5.252385052,269.8758038,4.910095923,39.95637959,0.865489733,48.65915752,196.1896565,5.1728,46.3463,0.869310912
2013-10-29T12:00:12,971.8,0,0,37.2,5.240156915,241.9711489,4.895305441,39.80286769,0.846472278,48.49414127,194.8471948,5.1512,46.0848,0.866349323
2013-10-29T14:15:12,743.4,0,0,31.6,4.035401011,359.4238397,3.779272181,40.4385624,0.988893359,48.62661513,152.8283339,3.9701,46.5765,0.841273821
2013-10-29T15:15:12,516.6,0,0,26.3,2.799121583,517.22814,2.62869536,41.13400462,1.256020241,48.78946148,108.1287671,2.7557,47.0807,0.7962456
2013-10-30T09:30:12,821.5,0,0,27.2,4.442008805,387.6276128,4.172329318,40.98725177,0.91582077,49.32854901,171.0123122,4.3752,47.2303,0.674936387
2013-10-30T13:30:12,834.8,0,0,36.1,4.53948438,315.260876,4.248664506,39.84210422,0.913390927,48.27190158,169.275734,4.4684,46.0607,0.856580673
2013-10-30T15:45:12,362.6,0,0,27.5,1.966477936,723.4094202,1.8447165,40.61603375,1.652474702,47.95633219,74.92506763,1.9388,46.1882,0.74863719
2013-11-02T13:30:12,858.2,0,0,33.2,4.65492462,317.2585257,4.359402741,40.44543779,0.90134568,48.89440037,176.3179524,4.5766,46.6533,0.692672859
2013-11-03T08:00:12,75.1,0,0,9.7,0.41093027,2486.033866,0.381928826,40.56064442,4.309658215,47.16096556,15.49127931,0.4032,45.8571,-0.006568144
2013-11-04T09:30:12,164.3,0,0,11.1,0.913367303,1458.890806,0.854153932,41.9493452,2.95645057,48.73737812,35.83119817,0.8964,47.3526,-0.005344418
2013-11-08T12:00:12,542.1,0,0,25,2.955908882,469.294535,2.775663062,41.304702,1.17336474,49.00144285,114.6479356,2.908,47.1548,0.267743644
2013-11-08T12:30:12,236.3,0,0,20.7,1.302218672,930.4954796,1.219970418,40.89683413,3.18795145,48.02868018,49.89292781,1.2788,46.4204,0.006487889
2013-11-10T13:30:12,702.1,0,0,29.5,3.823215151,373.9230841,3.583469756,40.72062952,1.024393906,48.82370595,145.9211444,3.7578,46.8335,0.762923847
2013-11-10T14:30:12,668,0,0,28.6,3.659276138,362.7666084,3.431365735,40.89179268,1.040395322,48.90121089,140.3146963,3.5978,46.8927,0.747084101
2013-11-11T10:45:13,68.4,0,0,12.6,0.375870412,2568.906572,0.347744096,39.95985329,4.383553183,46.51118303,13.89580306,0.3683,45.2339,-0.005973716
2013-11-12T12:00:12,163.1,0,0,19,0.890611379,1331.417096,0.831108538,40.63926011,2.986459576,47.48193262,33.77563606,0.8738,46.1088,-0.00786959
2013-11-12T13:45:12,67.1,0,0,16.8,0.372566666,2672.911586,0.344688011,39.20908959,7.910317062,46.01335753,13.51490309,0.3652,44.6173,-0.006142506
2013-11-15T11:45:13,429.2,0,0,20.3,2.306850851,683.6369064,2.170286222,41.79073315,1.453183638,49.23313409,90.69785235,2.2681,47.4651,0.070707071
2013-11-15T14:15:12,147.6,0,0,13.8,0.816365133,1455.893536,0.762124875,41.25266349,4.616911915,48.13974467,31.43968101,0.8004,46.7105,-0.006064281
2013-11-17T14:00:12,868.4,0,0,27.1,4.740057163,311.2765407,4.445785474,41.16205541,0.891604324,49.59908437,182.997668,4.6582,47.2817,0.624454148
2013-11-19T09:30:12,30.8,0,0,13.7,0.174881434,4680.294249,0.159619222,38.11562292,17.60965767,44.82204438,6.083986095,0.1712,43.4197,-0.00591716
2013-11-19T11:00:12,127.3,0,0,16.1,0.700710127,1776.426725,0.646695697,40.72091666,7.478744594,47.61600249,26.33404158,0.6875,46.1186,-0.006738544
2013-11-21T09:15:12,638.3,0,0,18.6,3.4270715,528.6158307,3.234947474,42.23555484,1.04336547,50.1123902,136.6298014,3.3765,48.139,0.82985188
2013-11-21T15:15:12,486.2,0,0,14.9,2.630526744,574.5650506,2.484787417,42.62937584,1.257485747,50.16716891,105.9249367,2.5916,48.3394,0.799229923
2013-11-22T12:30:12,944.2,0,0,23.8,5.070306828,337.2058239,4.765075547,41.67739513,0.853644321,50.20855744,198.5959364,4.9933,47.858,0.87751938
2013-11-22T15:15:12,443.9,0,0,16.8,2.426848331,638.6601009,2.289904789,42.3683388,1.340280685,49.84042898,97.01946193,2.3891,48.0096,0.768219833
2013-11-23T12:15:12,939,0,0,26.5,5.057654063,361.7808159,4.75091884,41.21410219,0.860314572,49.76786279,195.8048546,4.9851,47.5282,0.867461895
2013-11-26T09:00:12,118.5,0,0,5.7,0.636249884,2137.22887,0.596109049,41.98405933,11.86344944,48.92435624,25.02707769,0.6256,47.3441,0.003802281
2013-11-26T11:00:12,484,0,0,16.9,2.607012856,630.4043462,2.458379782,42.25919954,1.284501545,49.81026714,103.8891617,2.5664,48.0564,0.307389163
2013-11-26T15:45:13,47.2,0,0,10.3,0.262271604,3774.069061,0.242161139,39.49533037,5.726599177,46.07197217,9.564234184,0.2571,44.8391,-0.002141328
2013-11-27T10:15:12,201.7,0,0,8.6,1.095436471,1501.971438,1.031274001,42.42193533,2.908497911,49.34683544,43.74863899,1.0776,47.9569,0.02244389
2013-11-27T15:00:12,221.2,0,0,14.3,1.218399671,1154.980042,1.146478567,41.76550934,2.396623523,48.74334936,47.88326129,1.1986,47.2986,0.127554616
2013-11-28T10:30:12,685.1,0,0,22.4,3.714357317,464.9405586,3.499760131,41.60358891,0.993712024,49.61846829,145.6025818,3.658,47.5503,0.705954952
2013-11-28T11:00:12,779,0,0,24.1,4.213023723,372.1665946,3.958590331,41.34025509,0.9471862,49.55052654,163.6491341,4.1457,47.5354,0.758003256
2013-11-28T12:45:12,797.9,0,0,31.8,4.344231747,362.056452,4.074543129,40.53350958,0.948622929,48.8602942,165.1555329,4.2736,46.6396,0.802203709
2013-11-30T14:00:12,232.1,0,0,23.8,1.268162363,1029.921778,1.188803482,40.39242815,2.521530949,47.45226344,48.01865923,1.2474,45.8158,0.013496144
2013-12-01T11:00:12,178.8,0,0,18.5,0.980665914,1228.978241,0.917668885,40.84901336,4.244920296,47.87286017,37.48586853,0.9626,46.2025,-0.008532423
2013-12-02T11:00:12,134.1,0,0,10.5,0.699711822,1775.570714,0.655402132,41.49657922,3.406307494,48.21741652,27.19694649,0.6876,46.8094,0.006641366
2013-12-04T09:45:13,679.5,0,0,17.5,3.660274084,581.2662594,3.461011784,42.38632721,1.027884254,50.34889202,146.699578,3.6152,48.4031,0.827459618
2013-12-04T10:15:12,768.8,0,0,22.1,4.152677054,425.7083296,3.910584943,41.75198059,0.949475468,49.92976828,163.2746667,4.0923,47.8235,0.841684599
2013-12-04T15:30:12,381.5,0,0,10.6,2.077397932,801.6107829,1.963392546,43.03634251,1.51426276,50.31086968,84.49723411,2.0478,48.5722,0.739348371
2013-12-07T13:45:12,789.3,0,0,14.7,4.250558524,380.7100396,4.006137024,42.94770721,0.933797688,51.11317356,172.0543999,4.1842,48.9762,0.80619469
2013-12-13T14:45:13,329.9,0,0,25.4,1.835471122,716.2142116,1.720850372,40.63734813,1.793607182,47.91383866,69.93079565,1.8037,46.1433,0.327387802
2013-12-14T15:15:12,236.9,0,0,18.9,1.326276408,1035.958747,1.248425291,41.14021778,2.569864845,48.27934767,51.36048837,1.3051,46.7665,0.306922435
2013-12-15T13:45:13,140.6,0,0,18.2,0.769362332,1485.258841,0.718124004,40.37091428,3.81514102,47.18844032,28.99132261,0.755,45.8018,-0.00286123
2013-12-16T11:00:12,83.2,0,0,9,0.457691631,2662.419704,0.425792002,40.88227302,4.952053801,47.49645692,17.40734487,0.4496,46.1244,-0.011363636
2013-12-17T14:45:13,564.9,0,0,26.6,3.13174851,472.6308163,2.945925831,41.10210169,1.146542864,48.91090287,121.0837431,3.0832,46.8966,0.802281369
2013-12-19T08:30:12,27.5,0,0,2,0.155518282,5905.616012,0.142441802,39.48155465,10.13172525,46.16992582,5.623823807,0.1524,44.9575,-0.00286533
2013-12-21T12:45:12,187.8,0,0,17.5,1.040428327,1273.259137,0.974694956,41.0943375,4.233254646,48.09181617,40.05444349,1.0218,46.4471,-0.007033248
2013-12-22T09:45:12,571.5,0,0,23.7,3.04825466,758.4921501,2.884210585,41.46563724,1.167488983,49.21979789,119.5956298,3.0166,47.2251,0.67966327
2013-12-22T10:00:12,692,0,0,27,3.813369983,402.1893087,3.587262229,41.16008591,1.012204716,49.2441961,147.6520215,3.753,47.2342,0.82038835
2013-12-22T10:15:12,713.7,0,0,30.2,3.928275698,421.4289535,3.692270213,40.67976933,1.002886578,48.82021549,150.2007006,3.8718,46.6299,0.849878091
2013-12-22T12:45:13,1062.5,0,0,34.6,5.866495374,236.5714507,5.478473586,39.99606235,0.815804701,48.92143999,219.1173711,5.7707,46.4555,0.59403794
2013-12-22T13:00:12,235.6,0,0,27.9,1.25797705,1106.454669,1.17765762,39.66507043,2.623476561,46.78479928,46.71187243,1.237,45.2274,-0.008341511
2013-12-22T13:15:12,200.1,0,0,21.2,1.064308789,1264.613978,0.996801126,40.54037054,2.382991215,47.43560367,40.41068699,1.046,46.0757,-0.010268112
2013-12-23T15:15:13,43.1,0,0,13.9,0.235667961,3826.062417,0.216609979,38.67932388,6.210585056,45.24080129,8.378327542,0.2308,44.0292,-0.003868472
2013-12-28T11:45:13,68.3,0,0,6.3,0.371160325,2957.378751,0.344270643,40.84815274,4.971988917,47.40777881,14.06281981,0.3636,46.1134,-0.00862069
2013-12-28T12:30:12,54.2,0,0,6,0.296496707,3545.556464,0.2738256,40.43126354,11.43474309,47.04304881,11.07111502,0.2903,45.8486,-0.007564297
2013-12-28T13:00:12,42.5,0,0,5.8,0.237500893,3903.018138,0.218029437,40.041666,5.951401818,46.46201135,8.730261899,0.2326,45.2378,-0.00589391
2013-12-30T14:15:12,126.4,0,0,12.2,0.689755049,1708.583586,0.644041929,41.12839389,3.139447286,47.80548822,26.48841012,0.6764,46.4438,-0.000800641
2013-12-30T15:00:12,67.1,0,0,11.4,0.363359489,2814.603024,0.336110194,40.04757101,8.599698721,46.71819444,13.46039688,0.3562,45.2294,-0.003880983
2013-12-31T10:00:12,136.9,0,0,11,0.718755132,1714.333989,0.672385416,41.44075996,3.290495182,48.12172784,27.86416263,0.7059,46.7353,-0.005700326
