date_time,gti,temperature_module,isc,rsc,imp,vmp,pmp,roc,voc,i_half_vmp,v_half_imp,beam_fraction,wind_speed,gti_kw_m2
2020-06-21T12:00:00,50,-5,0,0,0,0,0,0,0,0,0,0,1,0.05
2020-06-21T12:00:01,100,-5,0,0,0,0,0,0,0,0,0,0,1,0.1
2020-06-21T12:00:02,150,-5,0,0,0,0,0,0,0,0,0,0,1,0.15
2020-06-21T12:00:03,200,-5,0,0,0,0,0,0,0,0,0,0,1,0.2
2020-06-21T12:00:04,250,-5,0,0,0,0,0,0,0,0,0,0,1,0.25
2020-06-21T12:00:05,300,-5,0,0,0,0,0,0,0,0,0,0,1,0.3
2020-06-21T12:00:06,350,-5,0,0,0,0,0,0,0,0,0,0,1,0.35
2020-06-21T12:00:07,400,-5,0,0,0,0,0,0,0,0,0,0,1,0.4
2020-06-21T12:00:08,450,-5,0,0,0,0,0,0,0,0,0,0,1,0.45
2020-06-21T12:00:09,500,-5,0,0,0,0,0,0,0,0,0,0,1,0.5
2020-06-21T12:00:10,550,-5,0,0,0,0,0,0,0,0,0,0,1,0.55
2020-06-21T12:00:11,600,-5,0,0,0,0,0,0,0,0,0,0,1,0.6
2020-06-21T12:00:12,650,-5,0,0,0,0,0,0,0,0,0,0,1,0.65
2020-06-21T12:00:13,700,-5,0,0,0,0,0,0,0,0,0,0,1,0.7
2020-06-21T12:00:14,750,-5,0,0,0,0,0,0,0,0,0,0,1,0.75
2020-06-21T12:00:15,800,-5,0,0,0,0,0,0,0,0,0,0,1,0.8
2020-06-21T12:00:16,850,-5,0,0,0,0,0,0,0,0,0,0,1,0.85
2020-06-21T12:00:17,900,-5,0,0,0,0,0,0,0,0,0,0,1,0.9
2020-06-21T12:00:18,950,-5,0,0,0,0,0,0,0,0,0,0,1,0.95
2020-06-21T12:00:19,1000,-5,0,0,0,0,0,0,0,0,0,0,1,1
2020-06-21T12:00:20,1050,-5,0,0,0,0,0,0,0,0,0,0,1,1.05
2020-06-21T12:00:21,1100,-5,0,0,0,0,0,0,0,0,0,0,1,1.1
2020-06-21T12:00:22,1150,-5,0,0,0,0,0,0,0,0,0,0,1,1.15
2020-06-21T12:00:23,1200,-5,0,0,0,0,0,0,0,0,0,0,1,1.2
2020-06-21T12:00:24,50,10,0,0,0,0,0,0,0,0,0,0,1,0.05
2020-06-21T12:00:25,100,10,0,0,0,0,0,0,0,0,0,0,1,0.1
2020-06-21T12:00:26,150,10,0,0,0,0,0,0,0,0,0,0,1,0.15
2020-06-21T12:00:27,200,10,0,0,0,0,0,0,0,0,0,0,1,0.2
2020-06-21T12:00:28,250,10,0,0,0,0,0,0,0,0,0,0,1,0.25
2020-06-21T12:00:29,300,10,0,0,0,0,0,0,0,0,0,0,1,0.3
2020-06-21T12:00:30,350,10,0,0,0,0,0,0,0,0,0,0,1,0.35
2020-06-21T12:00:31,400,10,0,0,0,0,0,0,0,0,0,0,1,0.4
2020-06-21T12:00:32,450,10,0,0,0,0,0,0,0,0,0,0,1,0.45
2020-06-21T12:00:33,500,10,0,0,0,0,0,0,0,0,0,0,1,0.5
2020-06-21T12:00:34,550,10,0,0,0,0,0,0,0,0,0,0,1,0.55
2020-06-21T12:00:35,600,10,0,0,0,0,0,0,0,0,0,0,1,0.6
2020-06-21T12:00:36,650,10,0,0,0,0,0,0,0,0,0,0,1,0.65
2020-06-21T12:00:37,700,10,0,0,0,0,0,0,0,0,0,0,1,0.7
2020-06-21T12:00:38,750,10,0,0,0,0,0,0,0,0,0,0,1,0.75
2020-06-21T12:00:39,800,10,0,0,0,0,0,0,0,0,0,0,1,0.8
2020-06-21T12:00:40,850,10,0,0,0,0,0,0,0,0,0,0,1,0.85
2020-06-21T12:00:41,900,10,0,0,0,0,0,0,0,0,0,0,1,0.9
2020-06-21T12:00:42,950,10,0,0,0,0,0,0,0,0,0,0,1,0.95
2020-06-21T12:00:43,1000,10,0,0,0,0,0,0,0,0,0,0,1,1
2020-06-21T12:00:44,1050,10,0,0,0,0,0,0,0,0,0,0,1,1.05
2020-06-21T12:00:45,1100,10,0,0,0,0,0,0,0,0,0,0,1,1.1
2020-06-21T12:00:46,1150,10,0,0,0,0,0,0,0,0,0,0,1,1.15
2020-06-21T12:00:47,1200,10,0,0,0,0,0,0,0,0,0,0,1,1.2
2020-06-21T12:00:48,50,25,0,0,0,0,0,0,0,0,0,0,1,0.05
2020-06-21T12:00:49,100,25,0,0,0,0,0,0,0,0,0,0,1,0.1
2020-06-21T12:00:50,150,25,0,0,0,0,0,0,0,0,0,0,1,0.15
2020-06-21T12:00:51,200,25,0,0,0,0,0,0,0,0,0,0,1,0.2
2020-06-21T12:00:52,250,25,0,0,0,0,0,0,0,0,0,0,1,0.25
2020-06-21T12:00:53,300,25,0,0,0,0,0,0,0,0,0,0,1,0.3
2020-06-21T12:00:54,350,25,0,0,0,0,0,0,0,0,0,0,1,0.35
2020-06-21T12:00:55,400,25,0,0,0,0,0,0,0,0,0,0,1,0.4
2020-06-21T12:00:56,450,25,0,0,0,0,0,0,0,0,0,0,1,0.45
2020-06-21T12:00:57,500,25,0,0,0,0,0,0,0,0,0,0,1,0.5
2020-06-21T12:00:58,550,25,0,0,0,0,0,0,0,0,0,0,1,0.55
2020-06-21T12:00:59,600,25,0,0,0,0,0,0,0,0,0,0,1,0.6
2020-06-21T12:01:00,650,25,0,0,0,0,0,0,0,0,0,0,1,0.65
2020-06-21T12:01:01,700,25,0,0,0,0,0,0,0,0,0,0,1,0.7
2020-06-21T12:01:02,750,25,0,0,0,0,0,0,0,0,0,0,1,0.75
2020-06-21T12:01:03,800,25,0,0,0,0,0,0,0,0,0,0,1,0.8
2020-06-21T12:01:04,850,25,0,0,0,0,0,0,0,0,0,0,1,0.85
2020-06-21T12:01:05,900,25,0,0,0,0,0,0,0,0,0,0,1,0.9
2020-06-21T12:01:06,950,25,0,0,0,0,0,0,0,0,0,0,1,0.95
2020-06-21T12:01:07,1000,25,0,0,0,0,0,0,0,0,0,0,1,1
2020-06-21T12:01:08,1050,25,0,0,0,0,0,0,0,0,0,0,1,1.05
2020-06-21T12:01:09,1100,25,0,0,0,0,0,0,0,0,0,0,1,1.1
2020-06-21T12:01:10,1150,25,0,0,0,0,0,0,0,0,0,0,1,1.15
2020-06-21T12:01:11,1200,25,0,0,0,0,0,0,0,0,0,0,1,1.2
2020-06-21T12:01:12,50,40,0,0,0,0,0,0,0,0,0,0,1,0.05
2020-06-21T12:01:13,100,40,0,0,0,0,0,0,0,0,0,0,1,0.1
2020-06-21T12:01:14,150,40,0,0,0,0,0,0,0,0,0,0,1,0.15
2020-06-21T12:01:15,200,40,0,0,0,0,0,0,0,0,0,0,1,0.2
2020-06-21T12:01:16,250,40,0,0,0,0,0,0,0,0,0,0,1,0.25
2020-06-21T12:01:17,300,40,0,0,0,0,0,0,0,0,0,0,1,0.3
2020-06-21T12:01:18,350,40,0,0,0,0,0,0,0,0,0,0,1,0.35
2020-06-21T12:01:19,400,40,0,0,0,0,0,0,0,0,0,0,1,0.4
2020-06-21T12:01:20,450,40,0,0,0,0,0,0,0,0,0,0,1,0.45
2020-06-21T12:01:21,500,40,0,0,0,0,0,0,0,0,0,0,1,0.5
2020-06-21T12:01:22,550,40,0,0,0,0,0,0,0,0,0,0,1,0.55
2020-06-21T12:01:23,600,40,0,0,0,0,0,0,0,0,0,0,1,0.6
2020-06-21T12:01:24,650,40,0,0,0,0,0,0,0,0,0,0,1,0.65
2020-06-21T12:01:25,700,40,0,0,0,0,0,0,0,0,0,0,1,0.7
2020-06-21T12:01:26,750,40,0,0,0,0,0,0,0,0,0,0,1,0.75
2020-06-21T12:01:27,800,40,0,0,0,0,0,0,0,0,0,0,1,0.8
2020-06-21T12:01:28,850,40,0,0,0,0,0,0,0,0,0,0,1,0.85
2020-06-21T12:01:29,900,40,0,0,0,0,0,0,0,0,0,0,1,0.9
2020-06-21T12:01:30,950,40,0,0,0,0,0,0,0,0,0,0,1,0.95
2020-06-21T12:01:31,1000,40,0,0,0,0,0,0,0,0,0,0,1,1
2020-06-21T12:01:32,1050,40,0,0,0,0,0,0,0,0,0,0,1,1.05
2020-06-21T12:01:33,1100,40,0,0,0,0,0,0,0,0,0,0,1,1.1
2020-06-21T12:01:34,1150,40,0,0,0,0,0,0,0,0,0,0,1,1.15
2020-06-21T12:01:35,1200,40,0,0,0,0,0,0,0,0,0,0,1,1.2
2020-06-21T12:01:36,50,55,0,0,0,0,0,0,0,0,0,0,1,0.05
2020-06-21T12:01:37,100,55,0,0,0,0,0,0,0,0,0,0,1,0.1
2020-06-21T12:01:38,150,55,0,0,0,0,0,0,0,0,0,0,1,0.15
2020-06-21T12:01:39,200,55,0,0,0,0,0,0,0,0,0,0,1,0.2
2020-06-21T12:01:40,250,55,0,0,0,0,0,0,0,0,0,0,1,0.25
2020-06-21T12:01:41,300,55,0,0,0,0,0,0,0,0,0,0,1,0.3
2020-06-21T12:01:42,350,55,0,0,0,0,0,0,0,0,0,0,1,0.35
2020-06-21T12:01:43,400,55,0,0,0,0,0,0,0,0,0,0,1,0.4
2020-06-21T12:01:44,450,55,0,0,0,0,0,0,0,0,0,0,1,0.45
2020-06-21T12:01:45,500,55,0,0,0,0,0,0,0,0,0,0,1,0.5
2020-06-21T12:01:46,550,55,0,0,0,0,0,0,0,0,0,0,1,0.55
2020-06-21T12:01:47,600,55,0,0,0,0,0,0,0,0,0,0,1,0.6
2020-06-21T12:01:48,650,55,0,0,0,0,0,0,0,0,0,0,1,0.65
2020-06-21T12:01:49,700,55,0,0,0,0,0,0,0,0,0,0,1,0.7
2020-06-21T12:01:50,750,55,0,0,0,0,0,0,0,0,0,0,1,0.75
2020-06-21T12:01:51,800,55,0,0,0,0,0,0,0,0,0,0,1,0.8
2020-06-21T12:01:52,850,55,0,0,0,0,0,0,0,0,0,0,1,0.85
2020-06-21T12:01:53,900,55,0,0,0,0,0,0,0,0,0,0,1,0.9
2020-06-21T12:01:54,950,55,0,0,0,0,0,0,0,0,0,0,1,0.95
2020-06-21T12:01:55,1000,55,0,0,0,0,0,0,0,0,0,0,1,1
2020-06-21T12:01:56,1050,55,0,0,0,0,0,0,0,0,0,0,1,1.05
2020-06-21T12:01:57,1100,55,0,0,0,0,0,0,0,0,0,0,1,1.1
2020-06-21T12:01:58,1150,55,0,0,0,0,0,0,0,0,0,0,1,1.15
2020-06-21T12:01:59,1200,55,0,0,0,0,0,0,0,0,0,0,1,1.2
2020-06-21T12:02:00,50,70,0,0,0,0,0,0,0,0,0,0,1,0.05
2020-06-21T12:02:01,100,70,0,0,0,0,0,0,0,0,0,0,1,0.1
2020-06-21T12:02:02,150,70,0,0,0,0,0,0,0,0,0,0,1,0.15
2020-06-21T12:02:03,200,70,0,0,0,0,0,0,0,0,0,0,1,0.2
2020-06-21T12:02:04,250,70,0,0,0,0,0,0,0,0,0,0,1,0.25
2020-06-21T12:02:05,300,70,0,0,0,0,0,0,0,0,0,0,1,0.3
2020-06-21T12:02:06,350,70,0,0,0,0,0,0,0,0,0,0,1,0.35
2020-06-21T12:02:07,400,70,0,0,0,0,0,0,0,0,0,0,1,0.4
2020-06-21T12:02:08,450,70,0,0,0,0,0,0,0,0,0,0,1,0.45
2020-06-21T12:02:09,500,70,0,0,0,0,0,0,0,0,0,0,1,0.5
2020-06-21T12:02:10,550,70,0,0,0,0,0,0,0,0,0,0,1,0.55
2020-06-21T12:02:11,600,70,0,0,0,0,0,0,0,0,0,0,1,0.6
2020-06-21T12:02:12,650,70,0,0,0,0,0,0,0,0,0,0,1,0.65
2020-06-21T12:02:13,700,70,0,0,0,0,0,0,0,0,0,0,1,0.7
2020-06-21T12:02:14,750,70,0,0,0,0,0,0,0,0,0,0,1,0.75
2020-06-21T12:02:15,800,70,0,0,0,0,0,0,0,0,0,0,1,0.8
2020-06-21T12:02:16,850,70,0,0,0,0,0,0,0,0,0,0,1,0.85
2020-06-21T12:02:17,900,70,0,0,0,0,0,0,0,0,0,0,1,0.9
2020-06-21T12:02:18,950,70,0,0,0,0,0,0,0,0,0,0,1,0.95
2020-06-21T12:02:19,1000,70,0,0,0,0,0,0,0,0,0,0,1,1
2020-06-21T12:02:20,1050,70,0,0,0,0,0,0,0,0,0,0,1,1.05
2020-06-21T12:02:21,1100,70,0,0,0,0,0,0,0,0,0,0,1,1.1
2020-06-21T12:02:22,1150,70,0,0,0,0,0,0,0,0,0,0,1,1.15
2020-06-21T12:02:23,1200,70,0,0,0,0,0,0,0,0,0,0,1,1.2
2020-06-21T12:02:24,50,85,0,0,0,0,0,0,0,0,0,0,1,0.05
2020-06-21T12:02:25,100,85,0,0,0,0,0,0,0,0,0,0,1,0.1
2020-06-21T12:02:26,150,85,0,0,0,0,0,0,0,0,0,0,1,0.15
2020-06-21T12:02:27,200,85,0,0,0,0,0,0,0,0,0,0,1,0.2
2020-06-21T12:02:28,250,85,0,0,0,0,0,0,0,0,0,0,1,0.25
2020-06-21T12:02:29,300,85,0,0,0,0,0,0,0,0,0,0,1,0.3
2020-06-21T12:02:30,350,85,0,0,0,0,0,0,0,0,0,0,1,0.35
2020-06-21T12:02:31,400,85,0,0,0,0,0,0,0,0,0,0,1,0.4
2020-06-21T12:02:32,450,85,0,0,0,0,0,0,0,0,0,0,1,0.45
2020-06-21T12:02:33,500,85,0,0,0,0,0,0,0,0,0,0,1,0.5
2020-06-21T12:02:34,550,85,0,0,0,0,0,0,0,0,0,0,1,0.55
2020-06-21T12:02:35,600,85,0,0,0,0,0,0,0,0,0,0,1,0.6
2020-06-21T12:02:36,650,85,0,0,0,0,0,0,0,0,0,0,1,0.65
2020-06-21T12:02:37,700,85,0,0,0,0,0,0,0,0,0,0,1,0.7
2020-06-21T12:02:38,750,85,0,0,0,0,0,0,0,0,0,0,1,0.75
2020-06-21T12:02:39,800,85,0,0,0,0,0,0,0,0,0,0,1,0.8
2020-06-21T12:02:40,850,85,0,0,0,0,0,0,0,0,0,0,1,0.85
2020-06-21T12:02:41,900,85,0,0,0,0,0,0,0,0,0,0,1,0.9
2020-06-21T12:02:42,950,85,0,0,0,0,0,0,0,0,0,0,1,0.95
2020-06-21T12:02:43,1000,85,0,0,0,0,0,0,0,0,0,0,1,1
2020-06-21T12:02:44,1050,85,0,0,0,0,0,0,0,0,0,0,1,1.05
2020-06-21T12:02:45,1100,85,0,0,0,0,0,0,0,0,0,0,1,1.1
2020-06-21T12:02:46,1150,85,0,0,0,0,0,0,0,0,0,0,1,1.15
2020-06-21T12:02:47,1200,85,0,0,0,0,0,0,0,0,0,0,1,1.2
